country,article_title,date,views
Australia,Australia,20260601,14059
Australia,Australia,20260602,14863
Australia,Australia,20260603,14307
Australia,Australia,20260604,15085
Australia,Australia,20260605,17752
Australia,Australia,20260606,18647
Australia,Australia,20260607,21094
Australia,Australia,20260608,21800
Australia,Australia,20260609,30790
Australia,Australia,20260610,30048
Australia,Australia,20260611,23974
Australia,Australia,20260612,23046
Australia,Australia,20260613,21096
Australia,Australia,20260614,25087
Australia,Australia,20260615,21882
Australia,Australia,20260616,22903
Australia,Australia,20260617,22066
Australia,Australia,20260618,24297
Australia,Australia,20260619,28203
Australia,Australia,20260620,20489
Australia,Australia,20260621,20867
Australia,Australia,20260622,23759
Australia,Australia,20260623,22028
Australia,Australia,20260624,21464
Australia,Australia,20260625,21329
Australia,Australia,20260626,20737
Australia,Australia,20260627,20349
Australia,Australia,20260628,21182
Australia,Australia,20260629,21222
Australia,Australia,20260630,21101
Australia,Australia,20260701,20525
Australia,Australia,20260702,21383
Australia,Australia,20260703,31700
Australia,Australia,20260704,20770
Australia,Australia,20260705,20625
Australia,Australia,20260706,20298
Australia,Australia,20260707,19690
Australia,Australia,20260708,23982
Australia,Australia,20260709,23865
Australia,Australia,20260710,19824
Australia,Australia,20260711,18574
Australia,Australia,20260712,21739
Australia,Australia,20260713,19281
Australia,Australia,20260714,18509
Australia,Australia,20260715,16239
Australia,Australia,20260716,18892
Australia,Australia,20260717,19101
Australia,Australia,20260718,20615
Australia,Australia,20260719,17715
Australia,Australia,20260720,17530
Australia,Australia,20260721,17557
Australia,Australia,20260722,16397
Australia,Australia,20260723,16869
Australia,Australia,20260724,17923
Australia,Australia,20260725,16281
Australia,Australia,20260726,17391
Australia,Australia,20260727,18128
Australia,Australia,20260728,19978
Australia,Australia,20260729,20059
Australia,Australia,20260730,19887
Belgium,Belgium,,0
Belgium,Belgium,20260601,6593
Belgium,Belgium,20260602,7132
Belgium,Belgium,20260603,7238
Belgium,Belgium,20260604,6915
Belgium,Belgium,20260605,6805
Belgium,Belgium,20260606,6715
Belgium,Belgium,20260607,6514
Belgium,Belgium,20260608,8530
Belgium,Belgium,20260609,7515
Belgium,Belgium,20260610,6956
Belgium,Belgium,20260611,7814
Belgium,Belgium,20260612,7228
Belgium,Belgium,20260613,7343
Belgium,Belgium,20260614,8537
Belgium,Belgium,20260615,23529
Belgium,Belgium,20260616,10290
Belgium,Belgium,20260617,8630
Belgium,Belgium,20260618,7721
Belgium,Belgium,20260619,7292
Belgium,Belgium,20260620,7979
Belgium,Belgium,20260621,23177
Belgium,Belgium,20260622,10578
Belgium,Belgium,20260623,8021
Belgium,Belgium,20260624,8009
Belgium,Belgium,20260625,7914
Belgium,Belgium,20260626,7580
Belgium,Belgium,20260627,16754
Belgium,Belgium,20260628,8315
Belgium,Belgium,20260629,7854
Belgium,Belgium,20260630,9381
Belgium,Belgium,20260701,40025
Belgium,Belgium,20260702,21380
Belgium,Belgium,20260703,11161
Belgium,Belgium,20260704,10473
Belgium,Belgium,20260705,11728
Belgium,Belgium,20260706,35420
Belgium,Belgium,20260707,117296
Belgium,Belgium,20260708,21105
Belgium,Belgium,20260709,14611
Belgium,Belgium,20260710,52514
Belgium,Belgium,20260711,18594
Belgium,Belgium,20260712,10339
Belgium,Belgium,20260713,9337
Belgium,Belgium,20260714,9170
Belgium,Belgium,20260715,8635
Belgium,Belgium,20260716,7899
Belgium,Belgium,20260717,7743
Belgium,Belgium,20260718,8179
Belgium,Belgium,20260719,9363
Belgium,Belgium,20260720,8183
Belgium,Belgium,20260721,9017
Belgium,Belgium,20260722,7729
Belgium,Belgium,20260723,6849
Belgium,Belgium,20260724,6493
Belgium,Belgium,20260725,5926
Belgium,Belgium,20260726,6311
Belgium,Belgium,20260727,6322
Belgium,Belgium,20260728,6339
Belgium,Belgium,20260729,5954
Belgium,Belgium,20260730,5880
Bosnia_and_Herzegovina,Bosnia_and_Herzegovina,20260601,6996
Bosnia_and_Herzegovina,Bosnia_and_Herzegovina,20260602,7128
Bosnia_and_Herzegovina,Bosnia_and_Herzegovina,20260603,7208
Bosnia_and_Herzegovina,Bosnia_and_Herzegovina,20260604,7305
Bosnia_and_Herzegovina,Bosnia_and_Herzegovina,20260605,8096
Bosnia_and_Herzegovina,Bosnia_and_Herzegovina,20260606,8316
Bosnia_and_Herzegovina,Bosnia_and_Herzegovina,20260607,8629
Bosnia_and_Herzegovina,Bosnia_and_Herzegovina,20260608,9724
Bosnia_and_Herzegovina,Bosnia_and_Herzegovina,20260609,9861
Bosnia_and_Herzegovina,Bosnia_and_Herzegovina,20260610,11485
Bosnia_and_Herzegovina,Bosnia_and_Herzegovina,20260611,18066
Bosnia_and_Herzegovina,Bosnia_and_Herzegovina,20260612,185071
Bosnia_and_Herzegovina,Bosnia_and_Herzegovina,20260613,46533
Bosnia_and_Herzegovina,Bosnia_and_Herzegovina,20260614,18810
Bosnia_and_Herzegovina,Bosnia_and_Herzegovina,20260615,13918
Bosnia_and_Herzegovina,Bosnia_and_Herzegovina,20260616,12576
Bosnia_and_Herzegovina,Bosnia_and_Herzegovina,20260617,14735
Bosnia_and_Herzegovina,Bosnia_and_Herzegovina,20260618,87950
Bosnia_and_Herzegovina,Bosnia_and_Herzegovina,20260619,23411
Bosnia_and_Herzegovina,Bosnia_and_Herzegovina,20260620,12465
Bosnia_and_Herzegovina,Bosnia_and_Herzegovina,20260621,12606
Bosnia_and_Herzegovina,Bosnia_and_Herzegovina,20260622,11275
Bosnia_and_Herzegovina,Bosnia_and_Herzegovina,20260623,12410
Bosnia_and_Herzegovina,Bosnia_and_Herzegovina,20260624,40246
Bosnia_and_Herzegovina,Bosnia_and_Herzegovina,20260625,25774
Bosnia_and_Herzegovina,Bosnia_and_Herzegovina,20260626,42480
Bosnia_and_Herzegovina,Bosnia_and_Herzegovina,20260627,27988
Bosnia_and_Herzegovina,Bosnia_and_Herzegovina,20260628,36676
Bosnia_and_Herzegovina,Bosnia_and_Herzegovina,20260629,31051
Bosnia_and_Herzegovina,Bosnia_and_Herzegovina,20260630,40626
Bosnia_and_Herzegovina,Bosnia_and_Herzegovina,20260701,127350
Bosnia_and_Herzegovina,Bosnia_and_Herzegovina,20260702,306138
Bosnia_and_Herzegovina,Bosnia_and_Herzegovina,20260703,32254
Bosnia_and_Herzegovina,Bosnia_and_Herzegovina,20260704,16249
Bosnia_and_Herzegovina,Bosnia_and_Herzegovina,20260705,12723
Bosnia_and_Herzegovina,Bosnia_and_Herzegovina,20260706,13236
Bosnia_and_Herzegovina,Bosnia_and_Herzegovina,20260707,12535
Bosnia_and_Herzegovina,Bosnia_and_Herzegovina,20260708,10357
Bosnia_and_Herzegovina,Bosnia_and_Herzegovina,20260709,10076
Bosnia_and_Herzegovina,Bosnia_and_Herzegovina,20260710,11552
Bosnia_and_Herzegovina,Bosnia_and_Herzegovina,20260711,12206
Bosnia_and_Herzegovina,Bosnia_and_Herzegovina,20260712,11103
Bosnia_and_Herzegovina,Bosnia_and_Herzegovina,20260713,9370
Bosnia_and_Herzegovina,Bosnia_and_Herzegovina,20260714,8851
Bosnia_and_Herzegovina,Bosnia_and_Herzegovina,20260715,8314
Bosnia_and_Herzegovina,Bosnia_and_Herzegovina,20260716,7298
Bosnia_and_Herzegovina,Bosnia_and_Herzegovina,20260717,7028
Bosnia_and_Herzegovina,Bosnia_and_Herzegovina,20260718,7122
Bosnia_and_Herzegovina,Bosnia_and_Herzegovina,20260719,7267
Bosnia_and_Herzegovina,Bosnia_and_Herzegovina,20260720,6609
Bosnia_and_Herzegovina,Bosnia_and_Herzegovina,20260721,6513
Bosnia_and_Herzegovina,Bosnia_and_Herzegovina,20260722,6345
Bosnia_and_Herzegovina,Bosnia_and_Herzegovina,20260723,6629
Bosnia_and_Herzegovina,Bosnia_and_Herzegovina,20260724,5920
Bosnia_and_Herzegovina,Bosnia_and_Herzegovina,20260725,5710
Bosnia_and_Herzegovina,Bosnia_and_Herzegovina,20260726,6779
Bosnia_and_Herzegovina,Bosnia_and_Herzegovina,20260727,6220
Bosnia_and_Herzegovina,Bosnia_and_Herzegovina,20260728,6313
Bosnia_and_Herzegovina,Bosnia_and_Herzegovina,20260729,6120
Bosnia_and_Herzegovina,Bosnia_and_Herzegovina,20260730,6100
England,England,20221101,18859
England,England,20221102,17397
England,England,20221103,17503
England,England,20221104,17263
England,England,20221105,17915
England,England,20221106,18434
England,England,20221107,17656
England,England,20221108,18174
England,England,20221109,19236
England,England,20221110,29497
England,England,20221111,17837
England,England,20221112,17001
England,England,20221113,34260
England,England,20221114,20816
England,England,20221115,19673
England,England,20221116,20886
England,England,20221117,19424
England,England,20221118,19269
England,England,20221119,17593
England,England,20221120,22916
England,England,20221121,90724
England,England,20221122,28236
England,England,20221123,22876
England,England,20221124,22274
England,England,20221125,58425
England,England,20221126,27858
England,England,20221127,22093
England,England,20221128,23090
England,England,20221129,47521
England,England,20221130,29426
England,England,20221201,22697
England,England,20221202,16965
England,England,20221203,17136
England,England,20221204,27187
England,England,20221205,20821
England,England,20221206,22018
England,England,20221207,17634
England,England,20221208,16774
England,England,20221209,18320
England,England,20221210,47518
England,England,20221211,23386
England,England,20221212,17487
England,England,20221213,17196
England,England,20221214,16420
England,England,20221215,15567
England,England,20221216,13990
England,England,20221217,14049
England,England,20221218,14477
England,England,20221219,15610
England,England,20221220,14289
England,England,20221221,13395
England,England,20221222,13279
England,England,20221223,12470
England,England,20221224,11874
England,England,20221225,11468
England,England,20221226,13368
England,England,20221227,14306
England,England,20221228,13090
England,England,20221229,12640
England,England,20221230,12799
England,England,20221231,12475
Germany,Germany,,0
Ghana,Ghana,,0
Iran,Iran,20221101,21777
Iran,Iran,20221102,26157
Iran,Iran,20221103,23182
Iran,Iran,20221104,21596
Iran,Iran,20221105,19747
Iran,Iran,20221106,18936
Iran,Iran,20221107,19054
Iran,Iran,20221108,18947
Iran,Iran,20221109,17763
Iran,Iran,20221110,19138
Iran,Iran,20221111,17720
Iran,Iran,20221112,17154
Iran,Iran,20221113,18658
Iran,Iran,20221114,29182
Iran,Iran,20221115,30019
Iran,Iran,20221116,21918
Iran,Iran,20221117,21799
Iran,Iran,20221118,20193
Iran,Iran,20221119,21226
Iran,Iran,20221120,27107
Iran,Iran,20221121,78184
Iran,Iran,20221122,34977
Iran,Iran,20221123,24258
Iran,Iran,20221124,22764
Iran,Iran,20221125,59514
Iran,Iran,20221126,26584
Iran,Iran,20221127,27252
Iran,Iran,20221128,32490
Iran,Iran,20221129,70111
Iran,Iran,20221130,34128
Iran,Iran,20221201,20914
Iran,Iran,20221202,14214
Iran,Iran,20221203,13477
Iran,Iran,20221204,18921
Iran,Iran,20221205,17268
Iran,Iran,20221206,14560
Iran,Iran,20221207,13472
Iran,Iran,20221208,15075
Iran,Iran,20221209,13740
Iran,Iran,20221210,15582
Iran,Iran,20221211,14230
Iran,Iran,20221212,16165
Iran,Iran,20221213,16551
Iran,Iran,20221214,16454
Iran,Iran,20221215,13423
Iran,Iran,20221216,12611
Iran,Iran,20221217,12756
Iran,Iran,20221218,14065
Iran,Iran,20221219,13617
Iran,Iran,20221220,13114
Iran,Iran,20221221,12334
Iran,Iran,20221222,12319
Iran,Iran,20221223,12018
Iran,Iran,20221224,11599
Iran,Iran,20221225,11131
Iran,Iran,20221226,12532
Iran,Iran,20221227,13318
Iran,Iran,20221228,12237
Iran,Iran,20221229,11998
Iran,Iran,20221230,12079
Iran,Iran,20221231,11251
Netherlands,Netherlands,20221101,18771
Netherlands,Netherlands,20221102,21320
Netherlands,Netherlands,20221103,19227
Netherlands,Netherlands,20221104,19161
Netherlands,Netherlands,20221105,18932
Netherlands,Netherlands,20221106,32688
Netherlands,Netherlands,20221107,22202
Netherlands,Netherlands,20221108,20261
Netherlands,Netherlands,20221109,19582
Netherlands,Netherlands,20221110,18092
Netherlands,Netherlands,20221111,18362
Netherlands,Netherlands,20221112,17543
Netherlands,Netherlands,20221113,19045
Netherlands,Netherlands,20221114,19326
Netherlands,Netherlands,20221115,19347
Netherlands,Netherlands,20221116,19765
Netherlands,Netherlands,20221117,19578
Netherlands,Netherlands,20221118,19111
Netherlands,Netherlands,20221119,18509
Netherlands,Netherlands,20221120,24877
Netherlands,Netherlands,20221121,80649
Netherlands,Netherlands,20221122,29884
Netherlands,Netherlands,20221123,23138
Netherlands,Netherlands,20221124,22556
Netherlands,Netherlands,20221125,67192
Netherlands,Netherlands,20221126,25740
Netherlands,Netherlands,20221127,23246
Netherlands,Netherlands,20221128,23225
Netherlands,Netherlands,20221129,43539
Netherlands,Netherlands,20221130,32091
Netherlands,Netherlands,20221201,25232
Netherlands,Netherlands,20221202,21428
Netherlands,Netherlands,20221203,84008
Netherlands,Netherlands,20221204,27894
Netherlands,Netherlands,20221205,21517
Netherlands,Netherlands,20221206,20538
Netherlands,Netherlands,20221207,19184
Netherlands,Netherlands,20221208,18512
Netherlands,Netherlands,20221209,76303
Netherlands,Netherlands,20221210,34790
Netherlands,Netherlands,20221211,20664
Netherlands,Netherlands,20221212,19406
Netherlands,Netherlands,20221213,18295
Netherlands,Netherlands,20221214,17349
Netherlands,Netherlands,20221215,15797
Netherlands,Netherlands,20221216,14046
Netherlands,Netherlands,20221217,13750
Netherlands,Netherlands,20221218,14581
Netherlands,Netherlands,20221219,16921
Netherlands,Netherlands,20221220,15332
Netherlands,Netherlands,20221221,13768
Netherlands,Netherlands,20221222,13203
Netherlands,Netherlands,20221223,13332
Netherlands,Netherlands,20221224,13243
Netherlands,Netherlands,20221225,22531
Netherlands,Netherlands,20221226,15446
Netherlands,Netherlands,20221227,15481
Netherlands,Netherlands,20221228,15572
Netherlands,Netherlands,20221229,14085
Netherlands,Netherlands,20221230,13492
Netherlands,Netherlands,20221231,12355
Paraguay,Paraguay,20260601,2984
Paraguay,Paraguay,20260602,2900
Paraguay,Paraguay,20260603,3010
Paraguay,Paraguay,20260604,3087
Paraguay,Paraguay,20260605,3132
Paraguay,Paraguay,20260606,3427
Paraguay,Paraguay,20260607,3594
Paraguay,Paraguay,20260608,3833
Paraguay,Paraguay,20260609,4123
Paraguay,Paraguay,20260610,4485
Paraguay,Paraguay,20260611,6639
Paraguay,Paraguay,20260612,18637
Paraguay,Paraguay,20260613,85880
Paraguay,Paraguay,20260614,9777
Paraguay,Paraguay,20260615,9228
Paraguay,Paraguay,20260616,6159
Paraguay,Paraguay,20260617,5288
Paraguay,Paraguay,20260618,4904
Paraguay,Paraguay,20260619,6500
Paraguay,Paraguay,20260620,33828
Paraguay,Paraguay,20260621,9664
Paraguay,Paraguay,20260622,7352
Paraguay,Paraguay,20260623,5027
Paraguay,Paraguay,20260624,4935
Paraguay,Paraguay,20260625,7281
Paraguay,Paraguay,20260626,19584
Paraguay,Paraguay,20260627,8386
Paraguay,Paraguay,20260628,7531
Paraguay,Paraguay,20260629,117808
Paraguay,Paraguay,20260630,86296
Paraguay,Paraguay,20260701,17669
Paraguay,Paraguay,20260702,9154
Paraguay,Paraguay,20260703,8345
Paraguay,Paraguay,20260704,116535
Paraguay,Paraguay,20260705,43363
Paraguay,Paraguay,20260706,20833
Paraguay,Paraguay,20260707,25627
Paraguay,Paraguay,20260708,14497
Paraguay,Paraguay,20260709,12722
Paraguay,Paraguay,20260710,7219
Paraguay,Paraguay,20260711,5440
Paraguay,Paraguay,20260712,5628
Paraguay,Paraguay,20260713,5266
Paraguay,Paraguay,20260714,4633
Paraguay,Paraguay,20260715,5103
Paraguay,Paraguay,20260716,4942
Paraguay,Paraguay,20260717,3832
Paraguay,Paraguay,20260718,4134
Paraguay,Paraguay,20260719,5681
Paraguay,Paraguay,20260720,6954
Paraguay,Paraguay,20260721,4929
Paraguay,Paraguay,20260722,4035
Paraguay,Paraguay,20260723,3893
Paraguay,Paraguay,20260724,3318
Paraguay,Paraguay,20260725,2966
Paraguay,Paraguay,20260726,3515
Paraguay,Paraguay,20260727,3124
Paraguay,Paraguay,20260728,3020
Paraguay,Paraguay,20260729,2955
Paraguay,Paraguay,20260730,2762
Portugal,Portugal,,0
Turkey,Turkey,20260601,11503
Turkey,Turkey,20260602,11677
Turkey,Turkey,20260603,11565
Turkey,Turkey,20260604,11729
Turkey,Turkey,20260605,11635
Turkey,Turkey,20260606,12107
Turkey,Turkey,20260607,14036
Turkey,Turkey,20260608,15515
Turkey,Turkey,20260609,14438
Turkey,Turkey,20260610,15033
Turkey,Turkey,20260611,15732
Turkey,Turkey,20260612,15858
Turkey,Turkey,20260613,18143
Turkey,Turkey,20260614,35523
Turkey,Turkey,20260615,17672
Turkey,Turkey,20260616,13276
Turkey,Turkey,20260617,13180
Turkey,Turkey,20260618,14056
Turkey,Turkey,20260619,19150
Turkey,Turkey,20260620,35991
Turkey,Turkey,20260621,19212
Turkey,Turkey,20260622,17103
Turkey,Turkey,20260623,15005
Turkey,Turkey,20260624,16839
Turkey,Turkey,20260625,23721
Turkey,Turkey,20260626,56348
Turkey,Turkey,20260627,14937
Turkey,Turkey,20260628,13411
Turkey,Turkey,20260629,12711
Turkey,Turkey,20260630,12783
Turkey,Turkey,20260701,12456
Turkey,Turkey,20260702,12349
Turkey,Turkey,20260703,12011
Turkey,Turkey,20260704,11645
Turkey,Turkey,20260705,11911
Turkey,Turkey,20260706,12568
Turkey,Turkey,20260707,20603
Turkey,Turkey,20260708,16514
Turkey,Turkey,20260709,14426
Turkey,Turkey,20260710,12947
Turkey,Turkey,20260711,11597
Turkey,Turkey,20260712,11675
Turkey,Turkey,20260713,15226
Turkey,Turkey,20260714,14013
Turkey,Turkey,20260715,11398
Turkey,Turkey,20260716,11467
Turkey,Turkey,20260717,11758
Turkey,Turkey,20260718,11804
Turkey,Turkey,20260719,12491
Turkey,Turkey,20260720,12518
Turkey,Turkey,20260721,11621
Turkey,Turkey,20260722,15305
Turkey,Turkey,20260723,13168
Turkey,Turkey,20260724,11357
Turkey,Turkey,20260725,13720
Turkey,Turkey,20260726,11219
Turkey,Turkey,20260727,11623
Turkey,Turkey,20260728,11803
Turkey,Turkey,20260729,10584
Turkey,Turkey,20260730,10717
Wales,Wales,20221101,12988
Wales,Wales,20221102,9978
Wales,Wales,20221103,9477
Wales,Wales,20221104,8845
Wales,Wales,20221105,9014
Wales,Wales,20221106,9710
Wales,Wales,20221107,9256
Wales,Wales,20221108,9051
Wales,Wales,20221109,9067
Wales,Wales,20221110,9402
Wales,Wales,20221111,8795
Wales,Wales,20221112,9071
Wales,Wales,20221113,12183
Wales,Wales,20221114,10864
Wales,Wales,20221115,10502
Wales,Wales,20221116,11681
Wales,Wales,20221117,11597
Wales,Wales,20221118,12522
Wales,Wales,20221119,13460
Wales,Wales,20221120,28991
Wales,Wales,20221121,219429
Wales,Wales,20221122,69672
Wales,Wales,20221123,26777
Wales,Wales,20221124,25155
Wales,Wales,20221125,108593
Wales,Wales,20221126,30834
Wales,Wales,20221127,20363
Wales,Wales,20221128,20358
Wales,Wales,20221129,91711
Wales,Wales,20221130,38558
Wales,Wales,20221201,17495
Wales,Wales,20221202,11080
Wales,Wales,20221203,10409
Wales,Wales,20221204,11101
Wales,Wales,20221205,9973
Wales,Wales,20221206,9141
Wales,Wales,20221207,8565
Wales,Wales,20221208,7841
Wales,Wales,20221209,8375
Wales,Wales,20221210,10355
Wales,Wales,20221211,9198
Wales,Wales,20221212,8486
Wales,Wales,20221213,8315
Wales,Wales,20221214,8316
Wales,Wales,20221215,7228
Wales,Wales,20221216,6454
Wales,Wales,20221217,6503
Wales,Wales,20221218,7082
Wales,Wales,20221219,7093
Wales,Wales,20221220,9102
Wales,Wales,20221221,6382
Wales,Wales,20221222,6237
Wales,Wales,20221223,5907
Wales,Wales,20221224,5462
Wales,Wales,20221225,6045
Wales,Wales,20221226,6439
Wales,Wales,20221227,6694
Wales,Wales,20221228,6289
Wales,Wales,20221229,6492
Wales,Wales,20221230,6167
Wales,Wales,20221231,5998
