,Unnamed: 0,country,article_title,date,views,year,match_date,outcome,match_type,score,score_differential,mean_views,std_views
0,10,Australia,Australia National Football Team,20260527,22,2026,20260619,win,group,2-0,2,29.7,11.823235127869568
1,11,Australia,Australia National Football Team,20260528,30,2026,20260619,win,group,2-0,2,29.7,11.823235127869568
2,12,Australia,Australia National Football Team,20260529,29,2026,20260619,win,group,2-0,2,29.7,11.823235127869568
3,13,Australia,Australia National Football Team,20260530,134,2026,20260619,win,group,2-0,2,29.7,11.823235127869568
4,14,Australia,Australia National Football Team,20260531,31,2026,20260619,win,group,2-0,2,29.7,11.823235127869568
5,15,Australia,Australia National Football Team,20260601,66,2026,20260619,win,group,2-0,2,29.7,11.823235127869568
6,16,Australia,Australia National Football Team,20260602,32,2026,20260619,win,group,2-0,2,29.7,11.823235127869568
7,17,Australia,Australia National Football Team,20260603,83,2026,20260619,win,group,2-0,2,29.7,11.823235127869568
8,18,Australia,Australia National Football Team,20260604,127,2026,20260619,win,group,2-0,2,29.7,11.823235127869568
9,19,Australia,Australia National Football Team,20260605,42,2026,20260619,win,group,2-0,2,29.7,11.823235127869568
10,20,Australia,Australia National Football Team,20260606,69,2026,20260619,win,group,2-0,2,29.7,11.823235127869568
11,21,Australia,Australia National Football Team,20260607,127,2026,20260619,win,group,2-0,2,29.7,11.823235127869568
12,22,Australia,Australia National Football Team,20260608,51,2026,20260619,win,group,2-0,2,29.7,11.823235127869568
13,23,Australia,Australia National Football Team,20260609,132,2026,20260619,win,group,2-0,2,29.7,11.823235127869568
14,24,Australia,Australia National Football Team,20260610,129,2026,20260619,win,group,2-0,2,29.7,11.823235127869568
15,25,Australia,Australia National Football Team,20260611,149,2026,20260619,win,group,2-0,2,29.7,11.823235127869568
16,26,Australia,Australia National Football Team,20260612,146,2026,20260619,win,group,2-0,2,29.7,11.823235127869568
17,27,Australia,Australia National Football Team,20260613,416,2026,20260619,win,group,2-0,2,29.7,11.823235127869568
18,28,Australia,Australia National Football Team,20260614,288,2026,20260619,win,group,2-0,2,29.7,11.823235127869568
19,29,Australia,Australia National Football Team,20260615,145,2026,20260619,win,group,2-0,2,29.7,11.823235127869568
20,30,Australia,Australia National Football Team,20260616,93,2026,20260619,win,group,2-0,2,29.7,11.823235127869568
21,31,Australia,Australia National Football Team,20260617,90,2026,20260619,win,group,2-0,2,29.7,11.823235127869568
22,32,Australia,Australia National Football Team,20260618,216,2026,20260619,win,group,2-0,2,29.7,11.823235127869568
23,33,Australia,Australia National Football Team,20260619,286,2026,20260619,win,group,2-0,2,29.7,11.823235127869568
24,34,Australia,Australia National Football Team,20260620,66,2026,20260619,win,group,2-0,2,29.7,11.823235127869568
25,35,Australia,Australia National Football Team,20260621,69,2026,20260619,win,group,2-0,2,29.7,11.823235127869568
26,36,Australia,Australia National Football Team,20260622,45,2026,20260619,win,group,2-0,2,29.7,11.823235127869568
27,37,Australia,Australia National Football Team,20260623,32,2026,20260619,win,group,2-0,2,29.7,11.823235127869568
28,38,Australia,Australia National Football Team,20260624,33,2026,20260619,win,group,2-0,2,29.7,11.823235127869568
29,39,Australia,Australia National Football Team,20260625,169,2026,20260619,win,group,2-0,2,29.7,11.823235127869568
30,40,Australia,Australia National Football Team,20260626,57,2026,20260619,win,group,2-0,2,29.7,11.823235127869568
31,41,Australia,Australia National Football Team,20260627,78,2026,20260619,win,group,2-0,2,29.7,11.823235127869568
32,42,Australia,Australia National Football Team,20260628,237,2026,20260619,win,group,2-0,2,29.7,11.823235127869568
33,43,Australia,Australia National Football Team,20260629,38,2026,20260619,win,group,2-0,2,29.7,11.823235127869568
34,44,Australia,Australia National Football Team,20260630,44,2026,20260619,win,group,2-0,2,29.7,11.823235127869568
35,45,Australia,Australia National Football Team,20260701,162,2026,20260619,win,group,2-0,2,29.7,11.823235127869568
36,46,Australia,Australia National Football Team,20260702,146,2026,20260619,win,group,2-0,2,29.7,11.823235127869568
37,47,Australia,Australia National Football Team,20260703,277,2026,20260619,win,group,2-0,2,29.7,11.823235127869568
38,48,Australia,Australia National Football Team,20260704,31,2026,20260619,win,group,2-0,2,29.7,11.823235127869568
39,49,Australia,Australia National Football Team,20260705,19,2026,20260619,win,group,2-0,2,29.7,11.823235127869568
40,50,Australia,Australia National Football Team,20260706,35,2026,20260619,win,group,2-0,2,29.7,11.823235127869568
41,51,Australia,Australia National Football Team,20260707,24,2026,20260619,win,group,2-0,2,29.7,11.823235127869568
42,52,Australia,Australia National Football Team,20260708,33,2026,20260619,win,group,2-0,2,29.7,11.823235127869568
43,53,Australia,Australia National Football Team,20260709,36,2026,20260619,win,group,2-0,2,29.7,11.823235127869568
44,54,Australia,Australia National Football Team,20260710,34,2026,20260619,win,group,2-0,2,29.7,11.823235127869568
45,55,Australia,Australia National Football Team,20260711,15,2026,20260619,win,group,2-0,2,29.7,11.823235127869568
46,56,Australia,Australia National Football Team,20260712,17,2026,20260619,win,group,2-0,2,29.7,11.823235127869568
47,57,Australia,Australia National Football Team,20260713,15,2026,20260619,win,group,2-0,2,29.7,11.823235127869568
48,58,Australia,Australia National Football Team,20260714,30,2026,20260619,win,group,2-0,2,29.7,11.823235127869568
49,59,Australia,Australia National Football Team,20260715,10,2026,20260619,win,group,2-0,2,29.7,11.823235127869568
50,60,Australia,Australia National Football Team,20260716,22,2026,20260619,win,group,2-0,2,29.7,11.823235127869568
51,61,Australia,Australia National Football Team,20260717,10,2026,20260619,win,group,2-0,2,29.7,11.823235127869568
52,62,Australia,Australia National Football Team,20260718,11,2026,20260619,win,group,2-0,2,29.7,11.823235127869568
53,63,Australia,Australia National Football Team,20260719,18,2026,20260619,win,group,2-0,2,29.7,11.823235127869568
54,64,Australia,Australia National Football Team,20260720,148,2026,20260619,win,group,2-0,2,29.7,11.823235127869568
55,65,Australia,Australia National Football Team,20260721,192,2026,20260619,win,group,2-0,2,29.7,11.823235127869568
56,66,Australia,Australia National Football Team,20260722,182,2026,20260619,win,group,2-0,2,29.7,11.823235127869568
57,67,Australia,Australia National Football Team,20260723,200,2026,20260619,win,group,2-0,2,29.7,11.823235127869568
58,68,Australia,Australia National Football Team,20260724,180,2026,20260619,win,group,2-0,2,29.7,11.823235127869568
59,69,Australia,Australia National Football Team,20260725,198,2026,20260619,win,group,2-0,2,29.7,11.823235127869568
60,70,Australia,Australia National Football Team,20260726,197,2026,20260619,win,group,2-0,2,29.7,11.823235127869568
61,71,Australia,Australia National Football Team,20260727,210,2026,20260619,win,group,2-0,2,29.7,11.823235127869568
62,72,Australia,Australia National Football Team,20260728,191,2026,20260619,win,group,2-0,2,29.7,11.823235127869568
63,73,Australia,Australia National Football Team,20260729,191,2026,20260619,win,group,2-0,2,29.7,11.823235127869568
64,74,Australia,Australia National Football Team,20260730,183,2026,20260619,win,group,2-0,2,29.7,11.823235127869568
65,75,Australia,Australia National Football Team,20260731,200,2026,20260619,win,group,2-0,2,29.7,11.823235127869568
66,76,Australia,Australia National Football Team,20260801,198,2026,20260619,win,group,2-0,2,29.7,11.823235127869568
67,77,Australia,Australia National Football Team,20260802,180,2026,20260619,win,group,2-0,2,29.7,11.823235127869568
68,78,Australia,Australia National Football Team,20260803,193,2026,20260619,win,group,2-0,2,29.7,11.823235127869568
69,79,Australia,Australia National Football Team,20260804,204,2026,20260619,win,group,2-0,2,29.7,11.823235127869568
70,80,Australia,Australia National Football Team,20260805,190,2026,20260619,win,group,2-0,2,29.7,11.823235127869568
71,81,Australia,Australia National Football Team,20260806,193,2026,20260619,win,group,2-0,2,29.7,11.823235127869568
72,82,Australia,Australia National Football Team,20260807,203,2026,20260619,win,group,2-0,2,29.7,11.823235127869568
73,83,Australia,Australia National Football Team,20260808,190,2026,20260619,win,group,2-0,2,29.7,11.823235127869568
74,84,Australia,Australia National Football Team,20260809,175,2026,20260619,win,group,2-0,2,29.7,11.823235127869568
75,85,Australia,Australia National Football Team,20260810,185,2026,20260619,win,group,2-0,2,29.7,11.823235127869568
76,86,Australia,Australia National Football Team,20260811,195,2026,20260619,win,group,2-0,2,29.7,11.823235127869568
77,87,Australia,Australia National Football Team,20260812,203,2026,20260619,win,group,2-0,2,29.7,11.823235127869568
78,88,Australia,Australia National Football Team,20260813,201,2026,20260619,win,group,2-0,2,29.7,11.823235127869568
79,89,Australia,Australia National Football Team,20260814,222,2026,20260619,win,group,2-0,2,29.7,11.823235127869568
80,90,Australia,Australia National Football Team,20260815,233,2026,20260619,win,group,2-0,2,29.7,11.823235127869568
81,91,Australia,Australia National Football Team,20260816,219,2026,20260619,win,group,2-0,2,29.7,11.823235127869568
82,92,Australia,Australia National Football Team,20260817,201,2026,20260619,win,group,2-0,2,29.7,11.823235127869568
83,93,Australia,Australia National Football Team,20260818,198,2026,20260619,win,group,2-0,2,29.7,11.823235127869568
84,94,Australia,Australia National Football Team,20260819,210,2026,20260619,win,group,2-0,2,29.7,11.823235127869568
85,95,Australia,Australia National Football Team,20260820,215,2026,20260619,win,group,2-0,2,29.7,11.823235127869568
86,106,Belgium,Belgium National Football Team,20260527,4471,2026,20260706,loss,knockout,1-4,-3,3795.5,250.2275630967407
87,107,Belgium,Belgium National Football Team,20260528,4487,2026,20260706,loss,knockout,1-4,-3,3795.5,250.2275630967407
88,108,Belgium,Belgium National Football Team,20260529,4196,2026,20260706,loss,knockout,1-4,-3,3795.5,250.2275630967407
89,109,Belgium,Belgium National Football Team,20260530,4609,2026,20260706,loss,knockout,1-4,-3,3795.5,250.2275630967407
90,110,Belgium,Belgium National Football Team,20260531,4358,2026,20260706,loss,knockout,1-4,-3,3795.5,250.2275630967407
91,111,Belgium,Belgium National Football Team,20260601,6099,2026,20260706,loss,knockout,1-4,-3,3795.5,250.2275630967407
92,112,Belgium,Belgium National Football Team,20260602,10333,2026,20260706,loss,knockout,1-4,-3,3795.5,250.2275630967407
93,113,Belgium,Belgium National Football Team,20260603,7569,2026,20260706,loss,knockout,1-4,-3,3795.5,250.2275630967407
94,114,Belgium,Belgium National Football Team,20260604,6584,2026,20260706,loss,knockout,1-4,-3,3795.5,250.2275630967407
95,115,Belgium,Belgium National Football Team,20260605,6421,2026,20260706,loss,knockout,1-4,-3,3795.5,250.2275630967407
96,116,Belgium,Belgium National Football Team,20260606,10527,2026,20260706,loss,knockout,1-4,-3,3795.5,250.2275630967407
97,117,Belgium,Belgium National Football Team,20260607,7807,2026,20260706,loss,knockout,1-4,-3,3795.5,250.2275630967407
98,118,Belgium,Belgium National Football Team,20260608,8071,2026,20260706,loss,knockout,1-4,-3,3795.5,250.2275630967407
99,119,Belgium,Belgium National Football Team,20260609,8226,2026,20260706,loss,knockout,1-4,-3,3795.5,250.2275630967407
100,120,Belgium,Belgium National Football Team,20260610,8863,2026,20260706,loss,knockout,1-4,-3,3795.5,250.2275630967407
101,121,Belgium,Belgium National Football Team,20260611,11760,2026,20260706,loss,knockout,1-4,-3,3795.5,250.2275630967407
102,122,Belgium,Belgium National Football Team,20260612,9902,2026,20260706,loss,knockout,1-4,-3,3795.5,250.2275630967407
103,123,Belgium,Belgium National Football Team,20260613,10161,2026,20260706,loss,knockout,1-4,-3,3795.5,250.2275630967407
104,124,Belgium,Belgium National Football Team,20260614,13544,2026,20260706,loss,knockout,1-4,-3,3795.5,250.2275630967407
105,125,Belgium,Belgium National Football Team,20260615,79509,2026,20260706,loss,knockout,1-4,-3,3795.5,250.2275630967407
106,126,Belgium,Belgium National Football Team,20260616,17764,2026,20260706,loss,knockout,1-4,-3,3795.5,250.2275630967407
107,127,Belgium,Belgium National Football Team,20260617,10649,2026,20260706,loss,knockout,1-4,-3,3795.5,250.2275630967407
108,128,Belgium,Belgium National Football Team,20260618,7887,2026,20260706,loss,knockout,1-4,-3,3795.5,250.2275630967407
109,129,Belgium,Belgium National Football Team,20260619,6778,2026,20260706,loss,knockout,1-4,-3,3795.5,250.2275630967407
110,130,Belgium,Belgium National Football Team,20260620,8934,2026,20260706,loss,knockout,1-4,-3,3795.5,250.2275630967407
111,131,Belgium,Belgium National Football Team,20260621,51390,2026,20260706,loss,knockout,1-4,-3,3795.5,250.2275630967407
112,132,Belgium,Belgium National Football Team,20260622,19467,2026,20260706,loss,knockout,1-4,-3,3795.5,250.2275630967407
113,133,Belgium,Belgium National Football Team,20260623,9343,2026,20260706,loss,knockout,1-4,-3,3795.5,250.2275630967407
114,134,Belgium,Belgium National Football Team,20260624,7739,2026,20260706,loss,knockout,1-4,-3,3795.5,250.2275630967407
115,135,Belgium,Belgium National Football Team,20260625,8642,2026,20260706,loss,knockout,1-4,-3,3795.5,250.2275630967407
116,136,Belgium,Belgium National Football Team,20260626,12314,2026,20260706,loss,knockout,1-4,-3,3795.5,250.2275630967407
117,137,Belgium,Belgium National Football Team,20260627,31027,2026,20260706,loss,knockout,1-4,-3,3795.5,250.2275630967407
118,138,Belgium,Belgium National Football Team,20260628,11804,2026,20260706,loss,knockout,1-4,-3,3795.5,250.2275630967407
119,139,Belgium,Belgium National Football Team,20260629,8424,2026,20260706,loss,knockout,1-4,-3,3795.5,250.2275630967407
120,140,Belgium,Belgium National Football Team,20260630,10593,2026,20260706,loss,knockout,1-4,-3,3795.5,250.2275630967407
121,141,Belgium,Belgium National Football Team,20260701,68983,2026,20260706,loss,knockout,1-4,-3,3795.5,250.2275630967407
122,142,Belgium,Belgium National Football Team,20260702,35935,2026,20260706,loss,knockout,1-4,-3,3795.5,250.2275630967407
123,143,Belgium,Belgium National Football Team,20260703,13992,2026,20260706,loss,knockout,1-4,-3,3795.5,250.2275630967407
124,144,Belgium,Belgium National Football Team,20260704,12291,2026,20260706,loss,knockout,1-4,-3,3795.5,250.2275630967407
125,145,Belgium,Belgium National Football Team,20260705,11779,2026,20260706,loss,knockout,1-4,-3,3795.5,250.2275630967407
126,146,Belgium,Belgium National Football Team,20260706,38366,2026,20260706,loss,knockout,1-4,-3,3795.5,250.2275630967407
127,147,Belgium,Belgium National Football Team,20260707,115104,2026,20260706,loss,knockout,1-4,-3,3795.5,250.2275630967407
128,148,Belgium,Belgium National Football Team,20260708,21169,2026,20260706,loss,knockout,1-4,-3,3795.5,250.2275630967407
129,149,Belgium,Belgium National Football Team,20260709,16430,2026,20260706,loss,knockout,1-4,-3,3795.5,250.2275630967407
130,150,Belgium,Belgium National Football Team,20260710,86499,2026,20260706,loss,knockout,1-4,-3,3795.5,250.2275630967407
131,151,Belgium,Belgium National Football Team,20260711,23876,2026,20260706,loss,knockout,1-4,-3,3795.5,250.2275630967407
132,152,Belgium,Belgium National Football Team,20260712,10789,2026,20260706,loss,knockout,1-4,-3,3795.5,250.2275630967407
133,153,Belgium,Belgium National Football Team,20260713,10617,2026,20260706,loss,knockout,1-4,-3,3795.5,250.2275630967407
134,154,Belgium,Belgium National Football Team,20260714,8010,2026,20260706,loss,knockout,1-4,-3,3795.5,250.2275630967407
135,155,Belgium,Belgium National Football Team,20260715,6914,2026,20260706,loss,knockout,1-4,-3,3795.5,250.2275630967407
136,156,Belgium,Belgium National Football Team,20260716,5275,2026,20260706,loss,knockout,1-4,-3,3795.5,250.2275630967407
137,157,Belgium,Belgium National Football Team,20260717,4421,2026,20260706,loss,knockout,1-4,-3,3795.5,250.2275630967407
138,158,Belgium,Belgium National Football Team,20260718,4996,2026,20260706,loss,knockout,1-4,-3,3795.5,250.2275630967407
139,159,Belgium,Belgium National Football Team,20260719,6065,2026,20260706,loss,knockout,1-4,-3,3795.5,250.2275630967407
140,160,Belgium,Belgium National Football Team,20260720,7266,2026,20260706,loss,knockout,1-4,-3,3795.5,250.2275630967407
141,161,Belgium,Belgium National Football Team,20260721,5073,2026,20260706,loss,knockout,1-4,-3,3795.5,250.2275630967407
142,162,Belgium,Belgium National Football Team,20260722,4542,2026,20260706,loss,knockout,1-4,-3,3795.5,250.2275630967407
143,163,Belgium,Belgium National Football Team,20260723,3887,2026,20260706,loss,knockout,1-4,-3,3795.5,250.2275630967407
144,164,Belgium,Belgium National Football Team,20260724,4139,2026,20260706,loss,knockout,1-4,-3,3795.5,250.2275630967407
145,165,Belgium,Belgium National Football Team,20260725,3304,2026,20260706,loss,knockout,1-4,-3,3795.5,250.2275630967407
146,166,Belgium,Belgium National Football Team,20260726,2956,2026,20260706,loss,knockout,1-4,-3,3795.5,250.2275630967407
147,167,Belgium,Belgium National Football Team,20260727,2788,2026,20260706,loss,knockout,1-4,-3,3795.5,250.2275630967407
148,168,Belgium,Belgium National Football Team,20260728,2840,2026,20260706,loss,knockout,1-4,-3,3795.5,250.2275630967407
149,169,Belgium,Belgium National Football Team,20260729,2473,2026,20260706,loss,knockout,1-4,-3,3795.5,250.2275630967407
150,170,Belgium,Belgium National Football Team,20260730,2496,2026,20260706,loss,knockout,1-4,-3,3795.5,250.2275630967407
151,171,Belgium,Belgium National Football Team,20260731,2337,2026,20260706,loss,knockout,1-4,-3,3795.5,250.2275630967407
152,172,Belgium,Belgium National Football Team,20260801,2278,2026,20260706,loss,knockout,1-4,-3,3795.5,250.2275630967407
153,173,Belgium,Belgium National Football Team,20260802,2296,2026,20260706,loss,knockout,1-4,-3,3795.5,250.2275630967407
154,174,Belgium,Belgium National Football Team,20260803,2072,2026,20260706,loss,knockout,1-4,-3,3795.5,250.2275630967407
155,175,Belgium,Belgium National Football Team,20260804,2030,2026,20260706,loss,knockout,1-4,-3,3795.5,250.2275630967407
156,176,Belgium,Belgium National Football Team,20260805,2035,2026,20260706,loss,knockout,1-4,-3,3795.5,250.2275630967407
157,177,Belgium,Belgium National Football Team,20260806,1846,2026,20260706,loss,knockout,1-4,-3,3795.5,250.2275630967407
158,178,Belgium,Belgium National Football Team,20260807,1877,2026,20260706,loss,knockout,1-4,-3,3795.5,250.2275630967407
159,179,Belgium,Belgium National Football Team,20260808,1865,2026,20260706,loss,knockout,1-4,-3,3795.5,250.2275630967407
160,180,Belgium,Belgium National Football Team,20260809,1908,2026,20260706,loss,knockout,1-4,-3,3795.5,250.2275630967407
161,181,Belgium,Belgium National Football Team,20260810,1897,2026,20260706,loss,knockout,1-4,-3,3795.5,250.2275630967407
162,182,Belgium,Belgium National Football Team,20260811,2143,2026,20260706,loss,knockout,1-4,-3,3795.5,250.2275630967407
163,183,Belgium,Belgium National Football Team,20260812,2331,2026,20260706,loss,knockout,1-4,-3,3795.5,250.2275630967407
164,184,Belgium,Belgium National Football Team,20260813,2171,2026,20260706,loss,knockout,1-4,-3,3795.5,250.2275630967407
165,185,Belgium,Belgium National Football Team,20260814,2003,2026,20260706,loss,knockout,1-4,-3,3795.5,250.2275630967407
166,186,Belgium,Belgium National Football Team,20260815,2104,2026,20260706,loss,knockout,1-4,-3,3795.5,250.2275630967407
167,187,Belgium,Belgium National Football Team,20260816,2215,2026,20260706,loss,knockout,1-4,-3,3795.5,250.2275630967407
168,188,Belgium,Belgium National Football Team,20260817,2236,2026,20260706,loss,knockout,1-4,-3,3795.5,250.2275630967407
169,189,Belgium,Belgium National Football Team,20260818,2002,2026,20260706,loss,knockout,1-4,-3,3795.5,250.2275630967407
170,190,Belgium,Belgium National Football Team,20260819,1853,2026,20260706,loss,knockout,1-4,-3,3795.5,250.2275630967407
171,191,Belgium,Belgium National Football Team,20260820,1726,2026,20260706,loss,knockout,1-4,-3,3795.5,250.2275630967407
172,202,Bosnia_and_Herzegovina,Bosnia_and_Herzegovina National Football Team,20260527,3078,2026,20260701,win,knockout,2-0,2,2573.0,202.56192468806503
173,203,Bosnia_and_Herzegovina,Bosnia_and_Herzegovina National Football Team,20260528,3318,2026,20260701,win,knockout,2-0,2,2573.0,202.56192468806503
174,204,Bosnia_and_Herzegovina,Bosnia_and_Herzegovina National Football Team,20260529,4891,2026,20260701,win,knockout,2-0,2,2573.0,202.56192468806503
175,205,Bosnia_and_Herzegovina,Bosnia_and_Herzegovina National Football Team,20260530,3911,2026,20260701,win,knockout,2-0,2,2573.0,202.56192468806503
176,206,Bosnia_and_Herzegovina,Bosnia_and_Herzegovina National Football Team,20260531,3544,2026,20260701,win,knockout,2-0,2,2573.0,202.56192468806503
177,207,Bosnia_and_Herzegovina,Bosnia_and_Herzegovina National Football Team,20260601,4410,2026,20260701,win,knockout,2-0,2,2573.0,202.56192468806503
178,208,Bosnia_and_Herzegovina,Bosnia_and_Herzegovina National Football Team,20260602,5353,2026,20260701,win,knockout,2-0,2,2573.0,202.56192468806503
179,209,Bosnia_and_Herzegovina,Bosnia_and_Herzegovina National Football Team,20260603,5267,2026,20260701,win,knockout,2-0,2,2573.0,202.56192468806503
180,210,Bosnia_and_Herzegovina,Bosnia_and_Herzegovina National Football Team,20260604,5250,2026,20260701,win,knockout,2-0,2,2573.0,202.56192468806503
181,211,Bosnia_and_Herzegovina,Bosnia_and_Herzegovina National Football Team,20260605,5708,2026,20260701,win,knockout,2-0,2,2573.0,202.56192468806503
182,212,Bosnia_and_Herzegovina,Bosnia_and_Herzegovina National Football Team,20260606,6961,2026,20260701,win,knockout,2-0,2,2573.0,202.56192468806503
183,213,Bosnia_and_Herzegovina,Bosnia_and_Herzegovina National Football Team,20260607,6394,2026,20260701,win,knockout,2-0,2,2573.0,202.56192468806503
184,214,Bosnia_and_Herzegovina,Bosnia_and_Herzegovina National Football Team,20260608,7399,2026,20260701,win,knockout,2-0,2,2573.0,202.56192468806503
185,215,Bosnia_and_Herzegovina,Bosnia_and_Herzegovina National Football Team,20260609,7651,2026,20260701,win,knockout,2-0,2,2573.0,202.56192468806503
186,216,Bosnia_and_Herzegovina,Bosnia_and_Herzegovina National Football Team,20260610,9613,2026,20260701,win,knockout,2-0,2,2573.0,202.56192468806503
187,217,Bosnia_and_Herzegovina,Bosnia_and_Herzegovina National Football Team,20260611,17564,2026,20260701,win,knockout,2-0,2,2573.0,202.56192468806503
188,218,Bosnia_and_Herzegovina,Bosnia_and_Herzegovina National Football Team,20260612,138744,2026,20260701,win,knockout,2-0,2,2573.0,202.56192468806503
189,219,Bosnia_and_Herzegovina,Bosnia_and_Herzegovina National Football Team,20260613,26137,2026,20260701,win,knockout,2-0,2,2573.0,202.56192468806503
190,220,Bosnia_and_Herzegovina,Bosnia_and_Herzegovina National Football Team,20260614,10573,2026,20260701,win,knockout,2-0,2,2573.0,202.56192468806503
191,221,Bosnia_and_Herzegovina,Bosnia_and_Herzegovina National Football Team,20260615,8126,2026,20260701,win,knockout,2-0,2,2573.0,202.56192468806503
192,222,Bosnia_and_Herzegovina,Bosnia_and_Herzegovina National Football Team,20260616,6407,2026,20260701,win,knockout,2-0,2,2573.0,202.56192468806503
193,223,Bosnia_and_Herzegovina,Bosnia_and_Herzegovina National Football Team,20260617,7514,2026,20260701,win,knockout,2-0,2,2573.0,202.56192468806503
194,224,Bosnia_and_Herzegovina,Bosnia_and_Herzegovina National Football Team,20260618,43480,2026,20260701,win,knockout,2-0,2,2573.0,202.56192468806503
195,225,Bosnia_and_Herzegovina,Bosnia_and_Herzegovina National Football Team,20260619,11078,2026,20260701,win,knockout,2-0,2,2573.0,202.56192468806503
196,226,Bosnia_and_Herzegovina,Bosnia_and_Herzegovina National Football Team,20260620,6213,2026,20260701,win,knockout,2-0,2,2573.0,202.56192468806503
197,227,Bosnia_and_Herzegovina,Bosnia_and_Herzegovina National Football Team,20260621,6035,2026,20260701,win,knockout,2-0,2,2573.0,202.56192468806503
198,228,Bosnia_and_Herzegovina,Bosnia_and_Herzegovina National Football Team,20260622,5430,2026,20260701,win,knockout,2-0,2,2573.0,202.56192468806503
199,229,Bosnia_and_Herzegovina,Bosnia_and_Herzegovina National Football Team,20260623,5766,2026,20260701,win,knockout,2-0,2,2573.0,202.56192468806503
200,230,Bosnia_and_Herzegovina,Bosnia_and_Herzegovina National Football Team,20260624,30195,2026,20260701,win,knockout,2-0,2,2573.0,202.56192468806503
201,231,Bosnia_and_Herzegovina,Bosnia_and_Herzegovina National Football Team,20260625,20213,2026,20260701,win,knockout,2-0,2,2573.0,202.56192468806503
202,232,Bosnia_and_Herzegovina,Bosnia_and_Herzegovina National Football Team,20260626,21644,2026,20260701,win,knockout,2-0,2,2573.0,202.56192468806503
203,233,Bosnia_and_Herzegovina,Bosnia_and_Herzegovina National Football Team,20260627,13013,2026,20260701,win,knockout,2-0,2,2573.0,202.56192468806503
204,234,Bosnia_and_Herzegovina,Bosnia_and_Herzegovina National Football Team,20260628,15826,2026,20260701,win,knockout,2-0,2,2573.0,202.56192468806503
205,235,Bosnia_and_Herzegovina,Bosnia_and_Herzegovina National Football Team,20260629,11349,2026,20260701,win,knockout,2-0,2,2573.0,202.56192468806503
206,236,Bosnia_and_Herzegovina,Bosnia_and_Herzegovina National Football Team,20260630,14462,2026,20260701,win,knockout,2-0,2,2573.0,202.56192468806503
207,237,Bosnia_and_Herzegovina,Bosnia_and_Herzegovina National Football Team,20260701,40925,2026,20260701,win,knockout,2-0,2,2573.0,202.56192468806503
208,238,Bosnia_and_Herzegovina,Bosnia_and_Herzegovina National Football Team,20260702,74681,2026,20260701,win,knockout,2-0,2,2573.0,202.56192468806503
209,239,Bosnia_and_Herzegovina,Bosnia_and_Herzegovina National Football Team,20260703,7757,2026,20260701,win,knockout,2-0,2,2573.0,202.56192468806503
210,240,Bosnia_and_Herzegovina,Bosnia_and_Herzegovina National Football Team,20260704,5321,2026,20260701,win,knockout,2-0,2,2573.0,202.56192468806503
211,241,Bosnia_and_Herzegovina,Bosnia_and_Herzegovina National Football Team,20260705,3950,2026,20260701,win,knockout,2-0,2,2573.0,202.56192468806503
212,242,Bosnia_and_Herzegovina,Bosnia_and_Herzegovina National Football Team,20260706,5148,2026,20260701,win,knockout,2-0,2,2573.0,202.56192468806503
213,243,Bosnia_and_Herzegovina,Bosnia_and_Herzegovina National Football Team,20260707,5122,2026,20260701,win,knockout,2-0,2,2573.0,202.56192468806503
214,244,Bosnia_and_Herzegovina,Bosnia_and_Herzegovina National Football Team,20260708,3446,2026,20260701,win,knockout,2-0,2,2573.0,202.56192468806503
215,245,Bosnia_and_Herzegovina,Bosnia_and_Herzegovina National Football Team,20260709,2982,2026,20260701,win,knockout,2-0,2,2573.0,202.56192468806503
216,246,Bosnia_and_Herzegovina,Bosnia_and_Herzegovina National Football Team,20260710,2708,2026,20260701,win,knockout,2-0,2,2573.0,202.56192468806503
217,247,Bosnia_and_Herzegovina,Bosnia_and_Herzegovina National Football Team,20260711,3066,2026,20260701,win,knockout,2-0,2,2573.0,202.56192468806503
218,248,Bosnia_and_Herzegovina,Bosnia_and_Herzegovina National Football Team,20260712,3215,2026,20260701,win,knockout,2-0,2,2573.0,202.56192468806503
219,249,Bosnia_and_Herzegovina,Bosnia_and_Herzegovina National Football Team,20260713,2663,2026,20260701,win,knockout,2-0,2,2573.0,202.56192468806503
220,250,Bosnia_and_Herzegovina,Bosnia_and_Herzegovina National Football Team,20260714,2731,2026,20260701,win,knockout,2-0,2,2573.0,202.56192468806503
221,251,Bosnia_and_Herzegovina,Bosnia_and_Herzegovina National Football Team,20260715,2657,2026,20260701,win,knockout,2-0,2,2573.0,202.56192468806503
222,252,Bosnia_and_Herzegovina,Bosnia_and_Herzegovina National Football Team,20260716,2429,2026,20260701,win,knockout,2-0,2,2573.0,202.56192468806503
223,253,Bosnia_and_Herzegovina,Bosnia_and_Herzegovina National Football Team,20260717,2374,2026,20260701,win,knockout,2-0,2,2573.0,202.56192468806503
224,254,Bosnia_and_Herzegovina,Bosnia_and_Herzegovina National Football Team,20260718,2533,2026,20260701,win,knockout,2-0,2,2573.0,202.56192468806503
225,255,Bosnia_and_Herzegovina,Bosnia_and_Herzegovina National Football Team,20260719,2977,2026,20260701,win,knockout,2-0,2,2573.0,202.56192468806503
226,256,Bosnia_and_Herzegovina,Bosnia_and_Herzegovina National Football Team,20260720,2816,2026,20260701,win,knockout,2-0,2,2573.0,202.56192468806503
227,257,Bosnia_and_Herzegovina,Bosnia_and_Herzegovina National Football Team,20260721,2198,2026,20260701,win,knockout,2-0,2,2573.0,202.56192468806503
228,258,Bosnia_and_Herzegovina,Bosnia_and_Herzegovina National Football Team,20260722,2061,2026,20260701,win,knockout,2-0,2,2573.0,202.56192468806503
229,259,Bosnia_and_Herzegovina,Bosnia_and_Herzegovina National Football Team,20260723,1985,2026,20260701,win,knockout,2-0,2,2573.0,202.56192468806503
230,260,Bosnia_and_Herzegovina,Bosnia_and_Herzegovina National Football Team,20260724,2039,2026,20260701,win,knockout,2-0,2,2573.0,202.56192468806503
231,261,Bosnia_and_Herzegovina,Bosnia_and_Herzegovina National Football Team,20260725,1717,2026,20260701,win,knockout,2-0,2,2573.0,202.56192468806503
232,262,Bosnia_and_Herzegovina,Bosnia_and_Herzegovina National Football Team,20260726,1789,2026,20260701,win,knockout,2-0,2,2573.0,202.56192468806503
233,263,Bosnia_and_Herzegovina,Bosnia_and_Herzegovina National Football Team,20260727,1510,2026,20260701,win,knockout,2-0,2,2573.0,202.56192468806503
234,264,Bosnia_and_Herzegovina,Bosnia_and_Herzegovina National Football Team,20260728,1409,2026,20260701,win,knockout,2-0,2,2573.0,202.56192468806503
235,265,Bosnia_and_Herzegovina,Bosnia_and_Herzegovina National Football Team,20260729,1513,2026,20260701,win,knockout,2-0,2,2573.0,202.56192468806503
236,266,Bosnia_and_Herzegovina,Bosnia_and_Herzegovina National Football Team,20260730,1594,2026,20260701,win,knockout,2-0,2,2573.0,202.56192468806503
237,267,Bosnia_and_Herzegovina,Bosnia_and_Herzegovina National Football Team,20260731,1331,2026,20260701,win,knockout,2-0,2,2573.0,202.56192468806503
238,268,Bosnia_and_Herzegovina,Bosnia_and_Herzegovina National Football Team,20260801,1337,2026,20260701,win,knockout,2-0,2,2573.0,202.56192468806503
239,269,Bosnia_and_Herzegovina,Bosnia_and_Herzegovina National Football Team,20260802,1607,2026,20260701,win,knockout,2-0,2,2573.0,202.56192468806503
240,270,Bosnia_and_Herzegovina,Bosnia_and_Herzegovina National Football Team,20260803,1554,2026,20260701,win,knockout,2-0,2,2573.0,202.56192468806503
241,271,Bosnia_and_Herzegovina,Bosnia_and_Herzegovina National Football Team,20260804,1425,2026,20260701,win,knockout,2-0,2,2573.0,202.56192468806503
242,272,Bosnia_and_Herzegovina,Bosnia_and_Herzegovina National Football Team,20260805,1248,2026,20260701,win,knockout,2-0,2,2573.0,202.56192468806503
243,273,Bosnia_and_Herzegovina,Bosnia_and_Herzegovina National Football Team,20260806,1179,2026,20260701,win,knockout,2-0,2,2573.0,202.56192468806503
244,274,Bosnia_and_Herzegovina,Bosnia_and_Herzegovina National Football Team,20260807,1217,2026,20260701,win,knockout,2-0,2,2573.0,202.56192468806503
245,275,Bosnia_and_Herzegovina,Bosnia_and_Herzegovina National Football Team,20260808,1166,2026,20260701,win,knockout,2-0,2,2573.0,202.56192468806503
246,276,Bosnia_and_Herzegovina,Bosnia_and_Herzegovina National Football Team,20260809,1232,2026,20260701,win,knockout,2-0,2,2573.0,202.56192468806503
247,277,Bosnia_and_Herzegovina,Bosnia_and_Herzegovina National Football Team,20260810,1085,2026,20260701,win,knockout,2-0,2,2573.0,202.56192468806503
248,278,Bosnia_and_Herzegovina,Bosnia_and_Herzegovina National Football Team,20260811,1251,2026,20260701,win,knockout,2-0,2,2573.0,202.56192468806503
249,279,Bosnia_and_Herzegovina,Bosnia_and_Herzegovina National Football Team,20260812,1129,2026,20260701,win,knockout,2-0,2,2573.0,202.56192468806503
250,280,Bosnia_and_Herzegovina,Bosnia_and_Herzegovina National Football Team,20260813,1246,2026,20260701,win,knockout,2-0,2,2573.0,202.56192468806503
251,281,Bosnia_and_Herzegovina,Bosnia_and_Herzegovina National Football Team,20260814,1030,2026,20260701,win,knockout,2-0,2,2573.0,202.56192468806503
252,282,Bosnia_and_Herzegovina,Bosnia_and_Herzegovina National Football Team,20260815,1195,2026,20260701,win,knockout,2-0,2,2573.0,202.56192468806503
253,283,Bosnia_and_Herzegovina,Bosnia_and_Herzegovina National Football Team,20260816,1239,2026,20260701,win,knockout,2-0,2,2573.0,202.56192468806503
254,284,Bosnia_and_Herzegovina,Bosnia_and_Herzegovina National Football Team,20260817,1337,2026,20260701,win,knockout,2-0,2,2573.0,202.56192468806503
255,285,Bosnia_and_Herzegovina,Bosnia_and_Herzegovina National Football Team,20260818,1633,2026,20260701,win,knockout,2-0,2,2573.0,202.56192468806503
256,286,Bosnia_and_Herzegovina,Bosnia_and_Herzegovina National Football Team,20260819,1110,2026,20260701,win,knockout,2-0,2,2573.0,202.56192468806503
257,287,Bosnia_and_Herzegovina,Bosnia_and_Herzegovina National Football Team,20260820,1103,2026,20260701,win,knockout,2-0,2,2573.0,202.56192468806503
258,298,Paraguay,Paraguay National Football Team,20260527,2679,2026,20260612,win,group,4-1,3,1867.2,317.30840238200796
259,299,Paraguay,Paraguay National Football Team,20260528,2685,2026,20260612,win,group,4-1,3,1867.2,317.30840238200796
260,300,Paraguay,Paraguay National Football Team,20260529,2650,2026,20260612,win,group,4-1,3,1867.2,317.30840238200796
261,301,Paraguay,Paraguay National Football Team,20260530,2411,2026,20260612,win,group,4-1,3,1867.2,317.30840238200796
262,302,Paraguay,Paraguay National Football Team,20260531,3095,2026,20260612,win,group,4-1,3,1867.2,317.30840238200796
263,303,Paraguay,Paraguay National Football Team,20260601,5478,2026,20260612,win,group,4-1,3,1867.2,317.30840238200796
264,304,Paraguay,Paraguay National Football Team,20260602,7062,2026,20260612,win,group,4-1,3,1867.2,317.30840238200796
265,305,Paraguay,Paraguay National Football Team,20260603,4283,2026,20260612,win,group,4-1,3,1867.2,317.30840238200796
266,306,Paraguay,Paraguay National Football Team,20260604,4254,2026,20260612,win,group,4-1,3,1867.2,317.30840238200796
267,307,Paraguay,Paraguay National Football Team,20260605,4904,2026,20260612,win,group,4-1,3,1867.2,317.30840238200796
268,308,Paraguay,Paraguay National Football Team,20260606,6160,2026,20260612,win,group,4-1,3,1867.2,317.30840238200796
269,309,Paraguay,Paraguay National Football Team,20260607,5040,2026,20260612,win,group,4-1,3,1867.2,317.30840238200796
270,310,Paraguay,Paraguay National Football Team,20260608,6027,2026,20260612,win,group,4-1,3,1867.2,317.30840238200796
271,311,Paraguay,Paraguay National Football Team,20260609,6583,2026,20260612,win,group,4-1,3,1867.2,317.30840238200796
272,312,Paraguay,Paraguay National Football Team,20260610,7989,2026,20260612,win,group,4-1,3,1867.2,317.30840238200796
273,313,Paraguay,Paraguay National Football Team,20260611,12688,2026,20260612,win,group,4-1,3,1867.2,317.30840238200796
274,314,Paraguay,Paraguay National Football Team,20260612,42079,2026,20260612,win,group,4-1,3,1867.2,317.30840238200796
275,315,Paraguay,Paraguay National Football Team,20260613,90393,2026,20260612,win,group,4-1,3,1867.2,317.30840238200796
276,316,Paraguay,Paraguay National Football Team,20260614,12147,2026,20260612,win,group,4-1,3,1867.2,317.30840238200796
277,317,Paraguay,Paraguay National Football Team,20260615,7482,2026,20260612,win,group,4-1,3,1867.2,317.30840238200796
278,318,Paraguay,Paraguay National Football Team,20260616,5354,2026,20260612,win,group,4-1,3,1867.2,317.30840238200796
279,319,Paraguay,Paraguay National Football Team,20260617,4875,2026,20260612,win,group,4-1,3,1867.2,317.30840238200796
280,320,Paraguay,Paraguay National Football Team,20260618,5097,2026,20260612,win,group,4-1,3,1867.2,317.30840238200796
281,321,Paraguay,Paraguay National Football Team,20260619,10191,2026,20260612,win,group,4-1,3,1867.2,317.30840238200796
282,322,Paraguay,Paraguay National Football Team,20260620,34492,2026,20260612,win,group,4-1,3,1867.2,317.30840238200796
283,323,Paraguay,Paraguay National Football Team,20260621,6726,2026,20260612,win,group,4-1,3,1867.2,317.30840238200796
284,324,Paraguay,Paraguay National Football Team,20260622,5132,2026,20260612,win,group,4-1,3,1867.2,317.30840238200796
285,325,Paraguay,Paraguay National Football Team,20260623,4259,2026,20260612,win,group,4-1,3,1867.2,317.30840238200796
286,326,Paraguay,Paraguay National Football Team,20260624,5090,2026,20260612,win,group,4-1,3,1867.2,317.30840238200796
287,327,Paraguay,Paraguay National Football Team,20260625,9588,2026,20260612,win,group,4-1,3,1867.2,317.30840238200796
288,328,Paraguay,Paraguay National Football Team,20260626,15642,2026,20260612,win,group,4-1,3,1867.2,317.30840238200796
289,329,Paraguay,Paraguay National Football Team,20260627,8862,2026,20260612,win,group,4-1,3,1867.2,317.30840238200796
290,330,Paraguay,Paraguay National Football Team,20260628,9570,2026,20260612,win,group,4-1,3,1867.2,317.30840238200796
291,331,Paraguay,Paraguay National Football Team,20260629,102996,2026,20260612,win,group,4-1,3,1867.2,317.30840238200796
292,332,Paraguay,Paraguay National Football Team,20260630,74530,2026,20260612,win,group,4-1,3,1867.2,317.30840238200796
293,333,Paraguay,Paraguay National Football Team,20260701,15687,2026,20260612,win,group,4-1,3,1867.2,317.30840238200796
294,334,Paraguay,Paraguay National Football Team,20260702,9149,2026,20260612,win,group,4-1,3,1867.2,317.30840238200796
295,335,Paraguay,Paraguay National Football Team,20260703,9106,2026,20260612,win,group,4-1,3,1867.2,317.30840238200796
296,336,Paraguay,Paraguay National Football Team,20260704,67363,2026,20260612,win,group,4-1,3,1867.2,317.30840238200796
297,337,Paraguay,Paraguay National Football Team,20260705,33443,2026,20260612,win,group,4-1,3,1867.2,317.30840238200796
298,338,Paraguay,Paraguay National Football Team,20260706,10462,2026,20260612,win,group,4-1,3,1867.2,317.30840238200796
299,339,Paraguay,Paraguay National Football Team,20260707,8105,2026,20260612,win,group,4-1,3,1867.2,317.30840238200796
300,340,Paraguay,Paraguay National Football Team,20260708,4860,2026,20260612,win,group,4-1,3,1867.2,317.30840238200796
301,341,Paraguay,Paraguay National Football Team,20260709,4441,2026,20260612,win,group,4-1,3,1867.2,317.30840238200796
302,342,Paraguay,Paraguay National Football Team,20260710,3304,2026,20260612,win,group,4-1,3,1867.2,317.30840238200796
303,343,Paraguay,Paraguay National Football Team,20260711,2905,2026,20260612,win,group,4-1,3,1867.2,317.30840238200796
304,344,Paraguay,Paraguay National Football Team,20260712,3279,2026,20260612,win,group,4-1,3,1867.2,317.30840238200796
305,345,Paraguay,Paraguay National Football Team,20260713,2630,2026,20260612,win,group,4-1,3,1867.2,317.30840238200796
306,346,Paraguay,Paraguay National Football Team,20260714,2752,2026,20260612,win,group,4-1,3,1867.2,317.30840238200796
307,347,Paraguay,Paraguay National Football Team,20260715,2723,2026,20260612,win,group,4-1,3,1867.2,317.30840238200796
308,348,Paraguay,Paraguay National Football Team,20260716,2303,2026,20260612,win,group,4-1,3,1867.2,317.30840238200796
309,349,Paraguay,Paraguay National Football Team,20260717,2088,2026,20260612,win,group,4-1,3,1867.2,317.30840238200796
310,350,Paraguay,Paraguay National Football Team,20260718,2303,2026,20260612,win,group,4-1,3,1867.2,317.30840238200796
311,351,Paraguay,Paraguay National Football Team,20260719,2818,2026,20260612,win,group,4-1,3,1867.2,317.30840238200796
312,352,Paraguay,Paraguay National Football Team,20260720,3652,2026,20260612,win,group,4-1,3,1867.2,317.30840238200796
313,353,Paraguay,Paraguay National Football Team,20260721,2765,2026,20260612,win,group,4-1,3,1867.2,317.30840238200796
314,354,Paraguay,Paraguay National Football Team,20260722,2340,2026,20260612,win,group,4-1,3,1867.2,317.30840238200796
315,355,Paraguay,Paraguay National Football Team,20260723,2034,2026,20260612,win,group,4-1,3,1867.2,317.30840238200796
316,356,Paraguay,Paraguay National Football Team,20260724,1908,2026,20260612,win,group,4-1,3,1867.2,317.30840238200796
317,357,Paraguay,Paraguay National Football Team,20260725,1749,2026,20260612,win,group,4-1,3,1867.2,317.30840238200796
318,358,Paraguay,Paraguay National Football Team,20260726,1716,2026,20260612,win,group,4-1,3,1867.2,317.30840238200796
319,359,Paraguay,Paraguay National Football Team,20260727,1511,2026,20260612,win,group,4-1,3,1867.2,317.30840238200796
320,360,Paraguay,Paraguay National Football Team,20260728,1531,2026,20260612,win,group,4-1,3,1867.2,317.30840238200796
321,361,Paraguay,Paraguay National Football Team,20260729,1447,2026,20260612,win,group,4-1,3,1867.2,317.30840238200796
322,362,Paraguay,Paraguay National Football Team,20260730,1475,2026,20260612,win,group,4-1,3,1867.2,317.30840238200796
323,363,Paraguay,Paraguay National Football Team,20260731,1377,2026,20260612,win,group,4-1,3,1867.2,317.30840238200796
324,364,Paraguay,Paraguay National Football Team,20260801,1345,2026,20260612,win,group,4-1,3,1867.2,317.30840238200796
325,365,Paraguay,Paraguay National Football Team,20260802,1227,2026,20260612,win,group,4-1,3,1867.2,317.30840238200796
326,366,Paraguay,Paraguay National Football Team,20260803,1209,2026,20260612,win,group,4-1,3,1867.2,317.30840238200796
327,367,Paraguay,Paraguay National Football Team,20260804,1161,2026,20260612,win,group,4-1,3,1867.2,317.30840238200796
328,368,Paraguay,Paraguay National Football Team,20260805,1265,2026,20260612,win,group,4-1,3,1867.2,317.30840238200796
329,369,Paraguay,Paraguay National Football Team,20260806,1168,2026,20260612,win,group,4-1,3,1867.2,317.30840238200796
330,370,Paraguay,Paraguay National Football Team,20260807,1117,2026,20260612,win,group,4-1,3,1867.2,317.30840238200796
331,371,Paraguay,Paraguay National Football Team,20260808,1139,2026,20260612,win,group,4-1,3,1867.2,317.30840238200796
332,372,Paraguay,Paraguay National Football Team,20260809,1086,2026,20260612,win,group,4-1,3,1867.2,317.30840238200796
333,373,Paraguay,Paraguay National Football Team,20260810,1003,2026,20260612,win,group,4-1,3,1867.2,317.30840238200796
334,374,Paraguay,Paraguay National Football Team,20260811,1077,2026,20260612,win,group,4-1,3,1867.2,317.30840238200796
335,375,Paraguay,Paraguay National Football Team,20260812,1199,2026,20260612,win,group,4-1,3,1867.2,317.30840238200796
336,376,Paraguay,Paraguay National Football Team,20260813,1043,2026,20260612,win,group,4-1,3,1867.2,317.30840238200796
337,377,Paraguay,Paraguay National Football Team,20260814,1007,2026,20260612,win,group,4-1,3,1867.2,317.30840238200796
338,378,Paraguay,Paraguay National Football Team,20260815,1021,2026,20260612,win,group,4-1,3,1867.2,317.30840238200796
339,379,Paraguay,Paraguay National Football Team,20260816,974,2026,20260612,win,group,4-1,3,1867.2,317.30840238200796
340,380,Paraguay,Paraguay National Football Team,20260817,1212,2026,20260612,win,group,4-1,3,1867.2,317.30840238200796
341,381,Paraguay,Paraguay National Football Team,20260818,1089,2026,20260612,win,group,4-1,3,1867.2,317.30840238200796
342,382,Paraguay,Paraguay National Football Team,20260819,1034,2026,20260612,win,group,4-1,3,1867.2,317.30840238200796
343,383,Paraguay,Paraguay National Football Team,20260820,1027,2026,20260612,win,group,4-1,3,1867.2,317.30840238200796
344,394,Turkey,Turkey National Football Team,20260527,3426,2026,20260625,loss,group,2-3,-1,2691.9,289.8840572826776
345,395,Turkey,Turkey National Football Team,20260528,3376,2026,20260625,loss,group,2-3,-1,2691.9,289.8840572826776
346,396,Turkey,Turkey National Football Team,20260529,3357,2026,20260625,loss,group,2-3,-1,2691.9,289.8840572826776
347,397,Turkey,Turkey National Football Team,20260530,3339,2026,20260625,loss,group,2-3,-1,2691.9,289.8840572826776
348,398,Turkey,Turkey National Football Team,20260531,3971,2026,20260625,loss,group,2-3,-1,2691.9,289.8840572826776
349,399,Turkey,Turkey National Football Team,20260601,7662,2026,20260625,loss,group,2-3,-1,2691.9,289.8840572826776
350,400,Turkey,Turkey National Football Team,20260602,8792,2026,20260625,loss,group,2-3,-1,2691.9,289.8840572826776
351,401,Turkey,Turkey National Football Team,20260603,6712,2026,20260625,loss,group,2-3,-1,2691.9,289.8840572826776
352,402,Turkey,Turkey National Football Team,20260604,5681,2026,20260625,loss,group,2-3,-1,2691.9,289.8840572826776
353,403,Turkey,Turkey National Football Team,20260605,5865,2026,20260625,loss,group,2-3,-1,2691.9,289.8840572826776
354,404,Turkey,Turkey National Football Team,20260606,6676,2026,20260625,loss,group,2-3,-1,2691.9,289.8840572826776
355,405,Turkey,Turkey National Football Team,20260607,7343,2026,20260625,loss,group,2-3,-1,2691.9,289.8840572826776
356,406,Turkey,Turkey National Football Team,20260608,7014,2026,20260625,loss,group,2-3,-1,2691.9,289.8840572826776
357,407,Turkey,Turkey National Football Team,20260609,7329,2026,20260625,loss,group,2-3,-1,2691.9,289.8840572826776
358,408,Turkey,Turkey National Football Team,20260610,8227,2026,20260625,loss,group,2-3,-1,2691.9,289.8840572826776
359,409,Turkey,Turkey National Football Team,20260611,11406,2026,20260625,loss,group,2-3,-1,2691.9,289.8840572826776
360,410,Turkey,Turkey National Football Team,20260612,12214,2026,20260625,loss,group,2-3,-1,2691.9,289.8840572826776
361,411,Turkey,Turkey National Football Team,20260613,24270,2026,20260625,loss,group,2-3,-1,2691.9,289.8840572826776
362,412,Turkey,Turkey National Football Team,20260614,64426,2026,20260625,loss,group,2-3,-1,2691.9,289.8840572826776
363,413,Turkey,Turkey National Football Team,20260615,12884,2026,20260625,loss,group,2-3,-1,2691.9,289.8840572826776
364,414,Turkey,Turkey National Football Team,20260616,8054,2026,20260625,loss,group,2-3,-1,2691.9,289.8840572826776
365,415,Turkey,Turkey National Football Team,20260617,6784,2026,20260625,loss,group,2-3,-1,2691.9,289.8840572826776
366,416,Turkey,Turkey National Football Team,20260618,6960,2026,20260625,loss,group,2-3,-1,2691.9,289.8840572826776
367,417,Turkey,Turkey National Football Team,20260619,13085,2026,20260625,loss,group,2-3,-1,2691.9,289.8840572826776
368,418,Turkey,Turkey National Football Team,20260620,53106,2026,20260625,loss,group,2-3,-1,2691.9,289.8840572826776
369,419,Turkey,Turkey National Football Team,20260621,12531,2026,20260625,loss,group,2-3,-1,2691.9,289.8840572826776
370,420,Turkey,Turkey National Football Team,20260622,8162,2026,20260625,loss,group,2-3,-1,2691.9,289.8840572826776
371,421,Turkey,Turkey National Football Team,20260623,6795,2026,20260625,loss,group,2-3,-1,2691.9,289.8840572826776
372,422,Turkey,Turkey National Football Team,20260624,6465,2026,20260625,loss,group,2-3,-1,2691.9,289.8840572826776
373,423,Turkey,Turkey National Football Team,20260625,9648,2026,20260625,loss,group,2-3,-1,2691.9,289.8840572826776
374,424,Turkey,Turkey National Football Team,20260626,33772,2026,20260625,loss,group,2-3,-1,2691.9,289.8840572826776
375,425,Turkey,Turkey National Football Team,20260627,5881,2026,20260625,loss,group,2-3,-1,2691.9,289.8840572826776
376,426,Turkey,Turkey National Football Team,20260628,5735,2026,20260625,loss,group,2-3,-1,2691.9,289.8840572826776
377,427,Turkey,Turkey National Football Team,20260629,4589,2026,20260625,loss,group,2-3,-1,2691.9,289.8840572826776
378,428,Turkey,Turkey National Football Team,20260630,4422,2026,20260625,loss,group,2-3,-1,2691.9,289.8840572826776
379,429,Turkey,Turkey National Football Team,20260701,4001,2026,20260625,loss,group,2-3,-1,2691.9,289.8840572826776
380,430,Turkey,Turkey National Football Team,20260702,3485,2026,20260625,loss,group,2-3,-1,2691.9,289.8840572826776
381,431,Turkey,Turkey National Football Team,20260703,3435,2026,20260625,loss,group,2-3,-1,2691.9,289.8840572826776
382,432,Turkey,Turkey National Football Team,20260704,3312,2026,20260625,loss,group,2-3,-1,2691.9,289.8840572826776
383,433,Turkey,Turkey National Football Team,20260705,3140,2026,20260625,loss,group,2-3,-1,2691.9,289.8840572826776
384,434,Turkey,Turkey National Football Team,20260706,3749,2026,20260625,loss,group,2-3,-1,2691.9,289.8840572826776
385,435,Turkey,Turkey National Football Team,20260707,4027,2026,20260625,loss,group,2-3,-1,2691.9,289.8840572826776
386,436,Turkey,Turkey National Football Team,20260708,3132,2026,20260625,loss,group,2-3,-1,2691.9,289.8840572826776
387,437,Turkey,Turkey National Football Team,20260709,3173,2026,20260625,loss,group,2-3,-1,2691.9,289.8840572826776
388,438,Turkey,Turkey National Football Team,20260710,2968,2026,20260625,loss,group,2-3,-1,2691.9,289.8840572826776
389,439,Turkey,Turkey National Football Team,20260711,2839,2026,20260625,loss,group,2-3,-1,2691.9,289.8840572826776
390,440,Turkey,Turkey National Football Team,20260712,3085,2026,20260625,loss,group,2-3,-1,2691.9,289.8840572826776
391,441,Turkey,Turkey National Football Team,20260713,2635,2026,20260625,loss,group,2-3,-1,2691.9,289.8840572826776
392,442,Turkey,Turkey National Football Team,20260714,2864,2026,20260625,loss,group,2-3,-1,2691.9,289.8840572826776
393,443,Turkey,Turkey National Football Team,20260715,2849,2026,20260625,loss,group,2-3,-1,2691.9,289.8840572826776
394,444,Turkey,Turkey National Football Team,20260716,2591,2026,20260625,loss,group,2-3,-1,2691.9,289.8840572826776
395,445,Turkey,Turkey National Football Team,20260717,2345,2026,20260625,loss,group,2-3,-1,2691.9,289.8840572826776
396,446,Turkey,Turkey National Football Team,20260718,2803,2026,20260625,loss,group,2-3,-1,2691.9,289.8840572826776
397,447,Turkey,Turkey National Football Team,20260719,3356,2026,20260625,loss,group,2-3,-1,2691.9,289.8840572826776
398,448,Turkey,Turkey National Football Team,20260720,3578,2026,20260625,loss,group,2-3,-1,2691.9,289.8840572826776
399,449,Turkey,Turkey National Football Team,20260721,2785,2026,20260625,loss,group,2-3,-1,2691.9,289.8840572826776
400,450,Turkey,Turkey National Football Team,20260722,2472,2026,20260625,loss,group,2-3,-1,2691.9,289.8840572826776
401,451,Turkey,Turkey National Football Team,20260723,2239,2026,20260625,loss,group,2-3,-1,2691.9,289.8840572826776
402,452,Turkey,Turkey National Football Team,20260724,2124,2026,20260625,loss,group,2-3,-1,2691.9,289.8840572826776
403,453,Turkey,Turkey National Football Team,20260725,1941,2026,20260625,loss,group,2-3,-1,2691.9,289.8840572826776
404,454,Turkey,Turkey National Football Team,20260726,2103,2026,20260625,loss,group,2-3,-1,2691.9,289.8840572826776
405,455,Turkey,Turkey National Football Team,20260727,1905,2026,20260625,loss,group,2-3,-1,2691.9,289.8840572826776
406,456,Turkey,Turkey National Football Team,20260728,1870,2026,20260625,loss,group,2-3,-1,2691.9,289.8840572826776
407,457,Turkey,Turkey National Football Team,20260729,1733,2026,20260625,loss,group,2-3,-1,2691.9,289.8840572826776
408,458,Turkey,Turkey National Football Team,20260730,1760,2026,20260625,loss,group,2-3,-1,2691.9,289.8840572826776
409,459,Turkey,Turkey National Football Team,20260731,1615,2026,20260625,loss,group,2-3,-1,2691.9,289.8840572826776
410,460,Turkey,Turkey National Football Team,20260801,1656,2026,20260625,loss,group,2-3,-1,2691.9,289.8840572826776
411,461,Turkey,Turkey National Football Team,20260802,1686,2026,20260625,loss,group,2-3,-1,2691.9,289.8840572826776
412,462,Turkey,Turkey National Football Team,20260803,1534,2026,20260625,loss,group,2-3,-1,2691.9,289.8840572826776
413,463,Turkey,Turkey National Football Team,20260804,1590,2026,20260625,loss,group,2-3,-1,2691.9,289.8840572826776
414,464,Turkey,Turkey National Football Team,20260805,1914,2026,20260625,loss,group,2-3,-1,2691.9,289.8840572826776
415,465,Turkey,Turkey National Football Team,20260806,1753,2026,20260625,loss,group,2-3,-1,2691.9,289.8840572826776
416,466,Turkey,Turkey National Football Team,20260807,1669,2026,20260625,loss,group,2-3,-1,2691.9,289.8840572826776
417,467,Turkey,Turkey National Football Team,20260808,1599,2026,20260625,loss,group,2-3,-1,2691.9,289.8840572826776
418,468,Turkey,Turkey National Football Team,20260809,1566,2026,20260625,loss,group,2-3,-1,2691.9,289.8840572826776
419,469,Turkey,Turkey National Football Team,20260810,1527,2026,20260625,loss,group,2-3,-1,2691.9,289.8840572826776
420,470,Turkey,Turkey National Football Team,20260811,1603,2026,20260625,loss,group,2-3,-1,2691.9,289.8840572826776
421,471,Turkey,Turkey National Football Team,20260812,1609,2026,20260625,loss,group,2-3,-1,2691.9,289.8840572826776
422,472,Turkey,Turkey National Football Team,20260813,1577,2026,20260625,loss,group,2-3,-1,2691.9,289.8840572826776
423,473,Turkey,Turkey National Football Team,20260814,1399,2026,20260625,loss,group,2-3,-1,2691.9,289.8840572826776
424,474,Turkey,Turkey National Football Team,20260815,1429,2026,20260625,loss,group,2-3,-1,2691.9,289.8840572826776
425,475,Turkey,Turkey National Football Team,20260816,1498,2026,20260625,loss,group,2-3,-1,2691.9,289.8840572826776
426,476,Turkey,Turkey National Football Team,20260817,1497,2026,20260625,loss,group,2-3,-1,2691.9,289.8840572826776
427,477,Turkey,Turkey National Football Team,20260818,1526,2026,20260625,loss,group,2-3,-1,2691.9,289.8840572826776
428,478,Turkey,Turkey National Football Team,20260819,1440,2026,20260625,loss,group,2-3,-1,2691.9,289.8840572826776
429,479,Turkey,Turkey National Football Team,20260820,1399,2026,20260625,loss,group,2-3,-1,2691.9,289.8840572826776
