country,geo_code,date,cultural_interest_1,cultural_interest_2,match_interest_1,match_interest_2
Australia,US-CA-803,2026-05-17,2,0,0,0
Australia,US-CA-803,2026-05-24,14,0,6,0
Australia,US-CA-803,2026-05-31,13,0,18,14
Australia,US-CA-803,2026-06-07,14,1,19,3
Australia,US-CA-803,2026-06-14,16,0,128,16
Australia,US-CA-803,2026-06-21,15,0,178,38
Australia,US-CA-803,2026-06-28,15,0,116,11
Australia,US-CA-803,2026-07-05,21,1,200,16
Australia,US-CA-803,2026-07-12,11,0,54,1
Australia,US-CA-803,2026-07-19,8,0,34,0
Australia,US-CA-803,2026-07-26,7,0,8,0
Australia,US-CA-803,2026-08-02,1,0,0,0
Australia,US-CA-803,2026-08-09,2,0,0,0
Australia,US-CA-803,2026-08-16,4,0,0,0
Australia,US-CA-803,2026-08-23,1,0,0,0
Australia,US-CA-807,2026-05-17,0,0,3,0
Australia,US-CA-807,2026-05-24,6,0,5,0
Australia,US-CA-807,2026-05-31,11,0,5,0
Australia,US-CA-807,2026-06-07,10,0,23,0
Australia,US-CA-807,2026-06-14,10,0,124,14
Australia,US-CA-807,2026-06-21,4,0,177,40
Australia,US-CA-807,2026-06-28,16,0,141,15
Australia,US-CA-807,2026-07-05,21,2,197,16
Australia,US-CA-807,2026-07-12,14,0,66,2
Australia,US-CA-807,2026-07-19,0,0,38,0
Australia,US-CA-807,2026-07-26,6,0,9,0
Australia,US-CA-807,2026-08-02,0,0,0,0
Australia,US-CA-807,2026-08-09,0,0,0,0
Australia,US-CA-807,2026-08-16,0,0,0,0
Australia,US-CA-807,2026-08-23,0,0,0,0
Australia,US-FL-528,2026-05-17,0,0,0,0
Australia,US-FL-528,2026-05-24,0,0,0,0
Australia,US-FL-528,2026-05-31,0,0,0,0
Australia,US-FL-528,2026-06-07,0,0,0,0
Australia,US-FL-528,2026-06-14,0,4,100,9
Australia,US-FL-528,2026-06-21,0,0,175,33
Australia,US-FL-528,2026-06-28,5,0,113,0
Australia,US-FL-528,2026-07-05,0,0,131,10
Australia,US-FL-528,2026-07-12,0,0,17,0
Australia,US-FL-528,2026-07-19,0,0,4,0
Australia,US-FL-528,2026-07-26,0,0,0,0
Australia,US-FL-528,2026-08-02,0,0,0,0
Australia,US-FL-528,2026-08-09,0,0,0,0
Australia,US-FL-528,2026-08-16,1,0,0,0
Australia,US-FL-528,2026-08-23,0,0,0,0
Australia,US-GA-524,2026-05-17,0,0,0,0
Australia,US-GA-524,2026-05-24,0,0,0,0
Australia,US-GA-524,2026-05-31,0,0,0,0
Australia,US-GA-524,2026-06-07,4,0,4,0
Australia,US-GA-524,2026-06-14,3,0,108,5
Australia,US-GA-524,2026-06-21,4,0,173,41
Australia,US-GA-524,2026-06-28,0,0,78,4
Australia,US-GA-524,2026-07-05,0,0,118,13
Australia,US-GA-524,2026-07-12,5,0,9,8
Australia,US-GA-524,2026-07-19,0,0,0,4
Australia,US-GA-524,2026-07-26,0,0,0,0
Australia,US-GA-524,2026-08-02,0,0,0,0
Australia,US-GA-524,2026-08-09,0,0,0,0
Australia,US-GA-524,2026-08-16,0,0,0,0
Australia,US-GA-524,2026-08-23,0,0,0,0
Australia,US-MA-506,2026-05-17,0,0,0,0
Australia,US-MA-506,2026-05-24,0,0,4,0
Australia,US-MA-506,2026-05-31,0,0,0,0
Australia,US-MA-506,2026-06-07,6,0,4,0
Australia,US-MA-506,2026-06-14,0,0,84,8
Australia,US-MA-506,2026-06-21,7,4,163,34
Australia,US-MA-506,2026-06-28,3,0,69,4
Australia,US-MA-506,2026-07-05,3,0,97,9
Australia,US-MA-506,2026-07-12,0,0,15,0
Australia,US-MA-506,2026-07-19,0,0,7,0
Australia,US-MA-506,2026-07-26,0,0,0,0
Australia,US-MA-506,2026-08-02,0,0,0,0
Australia,US-MA-506,2026-08-09,0,0,0,0
Australia,US-MA-506,2026-08-16,0,0,1,0
Australia,US-MA-506,2026-08-23,0,0,0,0
Australia,US-MO-616,2026-05-17,0,0,0,0
Australia,US-MO-616,2026-05-24,0,0,0,0
Australia,US-MO-616,2026-05-31,0,0,0,0
Australia,US-MO-616,2026-06-07,0,0,0,0
Australia,US-MO-616,2026-06-14,0,0,56,15
Australia,US-MO-616,2026-06-21,0,0,157,33
Australia,US-MO-616,2026-06-28,10,0,53,0
Australia,US-MO-616,2026-07-05,0,0,64,12
Australia,US-MO-616,2026-07-12,0,0,0,0
Australia,US-MO-616,2026-07-19,0,0,0,0
Australia,US-MO-616,2026-07-26,0,0,0,0
Australia,US-MO-616,2026-08-02,0,0,0,13
Australia,US-MO-616,2026-08-09,0,0,0,0
Australia,US-MO-616,2026-08-16,0,0,0,0
Australia,US-MO-616,2026-08-23,0,0,0,1
Australia,US-NY-501,2026-05-17,2,0,2,0
Australia,US-NY-501,2026-05-24,11,0,7,0
Australia,US-NY-501,2026-05-31,19,0,12,0
Australia,US-NY-501,2026-06-07,15,0,18,2
Australia,US-NY-501,2026-06-14,19,1,106,12
Australia,US-NY-501,2026-06-21,18,0,185,45
Australia,US-NY-501,2026-06-28,20,0,113,13
Australia,US-NY-501,2026-07-05,21,0,156,20
Australia,US-NY-501,2026-07-12,12,0,35,1
Australia,US-NY-501,2026-07-19,9,0,26,0
Australia,US-NY-501,2026-07-26,5,0,4,0
Australia,US-NY-501,2026-08-02,2,0,0,0
Australia,US-NY-501,2026-08-09,4,1,1,0
Australia,US-NY-501,2026-08-16,1,0,0,0
Australia,US-NY-501,2026-08-23,0,0,0,0
Australia,US-PA-504,2026-05-17,0,0,0,0
Australia,US-PA-504,2026-05-24,0,0,0,0
Australia,US-PA-504,2026-05-31,0,0,3,0
Australia,US-PA-504,2026-06-07,0,0,10,0
Australia,US-PA-504,2026-06-14,7,0,87,6
Australia,US-PA-504,2026-06-21,4,0,171,44
Australia,US-PA-504,2026-06-28,0,5,65,4
Australia,US-PA-504,2026-07-05,0,0,102,11
Australia,US-PA-504,2026-07-12,3,0,17,0
Australia,US-PA-504,2026-07-19,0,0,15,0
Australia,US-PA-504,2026-07-26,0,0,0,0
Australia,US-PA-504,2026-08-02,0,0,0,0
Australia,US-PA-504,2026-08-09,0,0,0,0
Australia,US-PA-504,2026-08-16,0,0,0,0
Australia,US-PA-504,2026-08-23,0,0,0,0
Australia,US-TX-618,2026-05-17,0,0,0,0
Australia,US-TX-618,2026-05-24,0,0,0,0
Australia,US-TX-618,2026-05-31,0,0,4,5
Australia,US-TX-618,2026-06-07,0,0,10,0
Australia,US-TX-618,2026-06-14,0,0,101,12
Australia,US-TX-618,2026-06-21,0,0,168,33
Australia,US-TX-618,2026-06-28,0,0,82,4
Australia,US-TX-618,2026-07-05,5,0,141,10
Australia,US-TX-618,2026-07-12,0,0,26,0
Australia,US-TX-618,2026-07-19,0,0,3,0
Australia,US-TX-618,2026-07-26,0,0,0,0
Australia,US-TX-618,2026-08-02,0,0,0,0
Australia,US-TX-618,2026-08-09,0,0,0,0
Australia,US-TX-618,2026-08-16,0,0,0,0
Australia,US-TX-618,2026-08-23,0,0,0,0
Australia,US-TX-623,2026-05-17,0,0,0,0
Australia,US-TX-623,2026-05-24,0,0,0,0
Australia,US-TX-623,2026-05-31,0,0,4,2
Australia,US-TX-623,2026-06-07,0,0,3,0
Australia,US-TX-623,2026-06-14,7,0,94,12
Australia,US-TX-623,2026-06-21,3,0,175,47
Australia,US-TX-623,2026-06-28,9,0,98,10
Australia,US-TX-623,2026-07-05,5,0,192,32
Australia,US-TX-623,2026-07-12,0,0,38,0
Australia,US-TX-623,2026-07-19,0,0,24,0
Australia,US-TX-623,2026-07-26,3,0,0,0
Australia,US-TX-623,2026-08-02,0,0,0,0
Australia,US-TX-623,2026-08-09,0,0,0,0
Australia,US-TX-623,2026-08-16,0,0,0,0
Australia,US-TX-623,2026-08-23,0,0,0,0
Australia,US-WA-819,2026-05-17,0,0,0,0
Australia,US-WA-819,2026-05-24,0,0,0,0
Australia,US-WA-819,2026-05-31,0,0,3,2
Australia,US-WA-819,2026-06-07,4,0,11,0
Australia,US-WA-819,2026-06-14,1,0,61,8
Australia,US-WA-819,2026-06-21,1,0,179,36
Australia,US-WA-819,2026-06-28,0,0,43,3
Australia,US-WA-819,2026-07-05,3,0,62,4
Australia,US-WA-819,2026-07-12,3,0,16,0
Australia,US-WA-819,2026-07-19,1,0,9,0
Australia,US-WA-819,2026-07-26,0,0,2,0
Australia,US-WA-819,2026-08-02,1,0,1,0
Australia,US-WA-819,2026-08-09,0,0,0,0
Australia,US-WA-819,2026-08-16,0,0,0,0
Australia,US-WA-819,2026-08-23,0,0,0,0
Belgium,US-CA-803,2026-05-17,0,0,0,0
Belgium,US-CA-803,2026-05-24,0,0,1,0
Belgium,US-CA-803,2026-05-31,0,0,4,0
Belgium,US-CA-803,2026-06-07,0,0,9,1
Belgium,US-CA-803,2026-06-14,0,0,24,2
Belgium,US-CA-803,2026-06-21,1,0,100,12
Belgium,US-CA-803,2026-06-28,2,0,77,6
Belgium,US-CA-803,2026-07-05,7,1,156,20
Belgium,US-CA-803,2026-07-12,13,0,317,46
Belgium,US-CA-803,2026-07-19,0,0,17,0
Belgium,US-CA-803,2026-07-26,0,0,1,0
Belgium,US-CA-803,2026-08-02,0,0,0,0
Belgium,US-CA-803,2026-08-09,0,0,0,0
Belgium,US-CA-803,2026-08-16,0,0,0,0
Belgium,US-CA-803,2026-08-23,0,0,0,0
Belgium,US-CA-807,2026-05-17,0,0,0,0
Belgium,US-CA-807,2026-05-24,0,0,0,2
Belgium,US-CA-807,2026-05-31,2,0,0,0
Belgium,US-CA-807,2026-06-07,0,0,10,0
Belgium,US-CA-807,2026-06-14,0,0,19,0
Belgium,US-CA-807,2026-06-21,2,0,89,7
Belgium,US-CA-807,2026-06-28,2,0,82,3
Belgium,US-CA-807,2026-07-05,10,0,177,24
Belgium,US-CA-807,2026-07-12,15,0,327,48
Belgium,US-CA-807,2026-07-19,0,0,19,0
Belgium,US-CA-807,2026-07-26,0,0,2,0
Belgium,US-CA-807,2026-08-02,0,0,0,0
Belgium,US-CA-807,2026-08-09,0,0,0,0
Belgium,US-CA-807,2026-08-16,0,0,0,0
Belgium,US-CA-807,2026-08-23,0,0,0,0
Belgium,US-FL-528,2026-05-17,0,0,0,0
Belgium,US-FL-528,2026-05-24,0,0,0,0
Belgium,US-FL-528,2026-05-31,0,0,0,0
Belgium,US-FL-528,2026-06-07,0,0,0,0
Belgium,US-FL-528,2026-06-14,0,0,22,4
Belgium,US-FL-528,2026-06-21,4,0,113,13
Belgium,US-FL-528,2026-06-28,5,0,63,0
Belgium,US-FL-528,2026-07-05,0,0,156,14
Belgium,US-FL-528,2026-07-12,0,0,280,55
Belgium,US-FL-528,2026-07-19,0,0,25,0
Belgium,US-FL-528,2026-07-26,0,0,0,0
Belgium,US-FL-528,2026-08-02,0,0,0,0
Belgium,US-FL-528,2026-08-09,0,0,0,0
Belgium,US-FL-528,2026-08-16,0,0,0,0
Belgium,US-FL-528,2026-08-23,0,0,0,0
Belgium,US-GA-524,2026-05-17,0,0,0,0
Belgium,US-GA-524,2026-05-24,0,0,0,0
Belgium,US-GA-524,2026-05-31,0,0,0,0
Belgium,US-GA-524,2026-06-07,0,0,0,0
Belgium,US-GA-524,2026-06-14,0,0,7,0
Belgium,US-GA-524,2026-06-21,0,0,89,12
Belgium,US-GA-524,2026-06-28,0,0,57,0
Belgium,US-GA-524,2026-07-05,4,0,155,29
Belgium,US-GA-524,2026-07-12,14,0,276,67
Belgium,US-GA-524,2026-07-19,0,0,8,0
Belgium,US-GA-524,2026-07-26,0,0,0,0
Belgium,US-GA-524,2026-08-02,0,0,0,0
Belgium,US-GA-524,2026-08-09,0,0,0,0
Belgium,US-GA-524,2026-08-16,0,0,0,0
Belgium,US-GA-524,2026-08-23,0,0,0,0
Belgium,US-MA-506,2026-05-17,0,0,0,0
Belgium,US-MA-506,2026-05-24,0,0,0,0
Belgium,US-MA-506,2026-05-31,0,0,0,0
Belgium,US-MA-506,2026-06-07,0,0,5,0
Belgium,US-MA-506,2026-06-14,0,0,15,0
Belgium,US-MA-506,2026-06-21,0,0,81,9
Belgium,US-MA-506,2026-06-28,0,0,59,0
Belgium,US-MA-506,2026-07-05,0,3,147,27
Belgium,US-MA-506,2026-07-12,3,0,270,61
Belgium,US-MA-506,2026-07-19,0,0,6,0
Belgium,US-MA-506,2026-07-26,0,0,3,0
Belgium,US-MA-506,2026-08-02,0,0,0,0
Belgium,US-MA-506,2026-08-09,0,0,0,0
Belgium,US-MA-506,2026-08-16,0,0,0,0
Belgium,US-MA-506,2026-08-23,0,0,0,0
Belgium,US-MO-616,2026-05-17,0,0,0,0
Belgium,US-MO-616,2026-05-24,0,0,0,0
Belgium,US-MO-616,2026-05-31,0,0,0,0
Belgium,US-MO-616,2026-06-07,0,0,0,0
Belgium,US-MO-616,2026-06-14,0,0,0,0
Belgium,US-MO-616,2026-06-21,0,0,82,0
Belgium,US-MO-616,2026-06-28,9,0,47,0
Belgium,US-MO-616,2026-07-05,0,11,158,30
Belgium,US-MO-616,2026-07-12,13,0,282,65
Belgium,US-MO-616,2026-07-19,0,0,0,0
Belgium,US-MO-616,2026-07-26,0,0,0,0
Belgium,US-MO-616,2026-08-02,0,0,0,0
Belgium,US-MO-616,2026-08-09,0,12,0,0
Belgium,US-MO-616,2026-08-16,0,0,0,1
Belgium,US-MO-616,2026-08-23,0,0,0,0
Belgium,US-NY-501,2026-05-17,0,0,0,0
Belgium,US-NY-501,2026-05-24,0,0,0,0
Belgium,US-NY-501,2026-05-31,1,0,0,0
Belgium,US-NY-501,2026-06-07,0,0,7,1
Belgium,US-NY-501,2026-06-14,1,0,20,2
Belgium,US-NY-501,2026-06-21,4,0,104,12
Belgium,US-NY-501,2026-06-28,1,0,72,5
Belgium,US-NY-501,2026-07-05,5,0,139,25
Belgium,US-NY-501,2026-07-12,11,1,268,57
Belgium,US-NY-501,2026-07-19,0,0,16,0
Belgium,US-NY-501,2026-07-26,0,0,2,0
Belgium,US-NY-501,2026-08-02,0,0,0,0
Belgium,US-NY-501,2026-08-09,0,0,1,0
Belgium,US-NY-501,2026-08-16,0,0,0,0
Belgium,US-NY-501,2026-08-23,0,0,0,0
Belgium,US-PA-504,2026-05-17,0,0,0,0
Belgium,US-PA-504,2026-05-24,0,0,0,0
Belgium,US-PA-504,2026-05-31,0,0,0,0
Belgium,US-PA-504,2026-06-07,0,3,0,0
Belgium,US-PA-504,2026-06-14,0,0,14,0
Belgium,US-PA-504,2026-06-21,0,0,79,10
Belgium,US-PA-504,2026-06-28,0,0,61,0
Belgium,US-PA-504,2026-07-05,0,0,140,34
Belgium,US-PA-504,2026-07-12,9,0,254,65
Belgium,US-PA-504,2026-07-19,0,0,6,0
Belgium,US-PA-504,2026-07-26,0,0,0,0
Belgium,US-PA-504,2026-08-02,0,0,0,0
Belgium,US-PA-504,2026-08-09,0,0,0,0
Belgium,US-PA-504,2026-08-16,0,0,0,0
Belgium,US-PA-504,2026-08-23,0,0,0,0
Belgium,US-TX-618,2026-05-17,0,0,0,0
Belgium,US-TX-618,2026-05-24,0,0,0,0
Belgium,US-TX-618,2026-05-31,0,0,0,0
Belgium,US-TX-618,2026-06-07,0,0,0,0
Belgium,US-TX-618,2026-06-14,0,0,16,0
Belgium,US-TX-618,2026-06-21,7,0,92,9
Belgium,US-TX-618,2026-06-28,4,3,72,0
Belgium,US-TX-618,2026-07-05,3,3,157,25
Belgium,US-TX-618,2026-07-12,11,0,275,56
Belgium,US-TX-618,2026-07-19,0,0,6,0
Belgium,US-TX-618,2026-07-26,0,0,0,0
Belgium,US-TX-618,2026-08-02,0,0,0,0
Belgium,US-TX-618,2026-08-09,0,0,0,0
Belgium,US-TX-618,2026-08-16,0,0,0,0
Belgium,US-TX-618,2026-08-23,0,0,0,0
Belgium,US-TX-623,2026-05-17,0,0,0,0
Belgium,US-TX-623,2026-05-24,0,3,0,0
Belgium,US-TX-623,2026-05-31,0,0,0,0
Belgium,US-TX-623,2026-06-07,0,0,0,0
Belgium,US-TX-623,2026-06-14,0,0,12,0
Belgium,US-TX-623,2026-06-21,3,0,86,8
Belgium,US-TX-623,2026-06-28,0,0,61,3
Belgium,US-TX-623,2026-07-05,3,0,162,30
Belgium,US-TX-623,2026-07-12,11,0,295,55
Belgium,US-TX-623,2026-07-19,0,0,3,0
Belgium,US-TX-623,2026-07-26,0,0,0,0
Belgium,US-TX-623,2026-08-02,0,0,0,0
Belgium,US-TX-623,2026-08-09,0,0,0,0
Belgium,US-TX-623,2026-08-16,0,0,0,0
Belgium,US-TX-623,2026-08-23,0,0,0,0
Belgium,US-WA-819,2026-05-17,0,0,0,0
Belgium,US-WA-819,2026-05-24,0,0,0,0
Belgium,US-WA-819,2026-05-31,0,0,0,0
Belgium,US-WA-819,2026-06-07,0,0,10,0
Belgium,US-WA-819,2026-06-14,0,0,38,0
Belgium,US-WA-819,2026-06-21,0,0,108,14
Belgium,US-WA-819,2026-06-28,0,0,63,7
Belgium,US-WA-819,2026-07-05,6,0,193,35
Belgium,US-WA-819,2026-07-12,8,0,274,52
Belgium,US-WA-819,2026-07-19,0,0,14,0
Belgium,US-WA-819,2026-07-26,0,0,0,0
Belgium,US-WA-819,2026-08-02,0,0,0,0
Belgium,US-WA-819,2026-08-09,0,0,0,0
Belgium,US-WA-819,2026-08-16,0,0,0,0
Belgium,US-WA-819,2026-08-23,0,0,0,0
Bosnia_and_Herzegovina,US-CA-803,2026-05-17,0,0,0,0
Bosnia_and_Herzegovina,US-CA-803,2026-05-24,0,0,0,0
Bosnia_and_Herzegovina,US-CA-803,2026-05-31,0,0,0,0
Bosnia_and_Herzegovina,US-CA-803,2026-06-07,0,0,0,0
Bosnia_and_Herzegovina,US-CA-803,2026-06-14,5,4,116,24
Bosnia_and_Herzegovina,US-CA-803,2026-06-21,0,0,54,0
Bosnia_and_Herzegovina,US-CA-803,2026-06-28,0,0,65,0
Bosnia_and_Herzegovina,US-CA-803,2026-07-05,5,0,205,48
Bosnia_and_Herzegovina,US-CA-803,2026-07-12,0,0,3,0
Bosnia_and_Herzegovina,US-CA-803,2026-07-19,0,0,0,0
Bosnia_and_Herzegovina,US-CA-803,2026-07-26,0,0,0,0
Bosnia_and_Herzegovina,US-CA-803,2026-08-02,0,0,0,0
Bosnia_and_Herzegovina,US-CA-803,2026-08-09,0,0,0,0
Bosnia_and_Herzegovina,US-CA-803,2026-08-16,0,0,0,0
Bosnia_and_Herzegovina,US-CA-803,2026-08-23,0,0,0,0
Bosnia_and_Herzegovina,US-CA-807,2026-05-17,0,0,0,0
Bosnia_and_Herzegovina,US-CA-807,2026-05-24,0,0,0,0
Bosnia_and_Herzegovina,US-CA-807,2026-05-31,0,0,0,0
Bosnia_and_Herzegovina,US-CA-807,2026-06-07,0,0,0,0
Bosnia_and_Herzegovina,US-CA-807,2026-06-14,0,0,102,17
Bosnia_and_Herzegovina,US-CA-807,2026-06-21,0,6,28,0
Bosnia_and_Herzegovina,US-CA-807,2026-06-28,0,0,63,6
Bosnia_and_Herzegovina,US-CA-807,2026-07-05,0,0,235,53
Bosnia_and_Herzegovina,US-CA-807,2026-07-12,0,0,0,0
Bosnia_and_Herzegovina,US-CA-807,2026-07-19,0,0,0,0
Bosnia_and_Herzegovina,US-CA-807,2026-07-26,0,0,0,0
Bosnia_and_Herzegovina,US-CA-807,2026-08-02,0,0,0,0
Bosnia_and_Herzegovina,US-CA-807,2026-08-09,0,0,0,0
Bosnia_and_Herzegovina,US-CA-807,2026-08-16,0,0,0,0
Bosnia_and_Herzegovina,US-CA-807,2026-08-23,0,0,0,0
Bosnia_and_Herzegovina,US-GA-524,2026-05-17,0,0,0,0
Bosnia_and_Herzegovina,US-GA-524,2026-05-24,0,0,0,0
Bosnia_and_Herzegovina,US-GA-524,2026-05-31,0,0,0,0
Bosnia_and_Herzegovina,US-GA-524,2026-06-07,0,0,0,0
Bosnia_and_Herzegovina,US-GA-524,2026-06-14,0,0,137,27
Bosnia_and_Herzegovina,US-GA-524,2026-06-21,0,0,46,0
Bosnia_and_Herzegovina,US-GA-524,2026-06-28,0,0,58,0
Bosnia_and_Herzegovina,US-GA-524,2026-07-05,0,0,170,71
Bosnia_and_Herzegovina,US-GA-524,2026-07-12,0,0,0,0
Bosnia_and_Herzegovina,US-GA-524,2026-07-19,0,0,0,0
Bosnia_and_Herzegovina,US-GA-524,2026-07-26,0,0,0,0
Bosnia_and_Herzegovina,US-GA-524,2026-08-02,0,0,0,0
Bosnia_and_Herzegovina,US-GA-524,2026-08-09,0,0,0,0
Bosnia_and_Herzegovina,US-GA-524,2026-08-16,0,0,0,0
Bosnia_and_Herzegovina,US-GA-524,2026-08-23,0,0,0,0
Bosnia_and_Herzegovina,US-MA-506,2026-05-17,0,0,0,0
Bosnia_and_Herzegovina,US-MA-506,2026-05-24,0,0,0,0
Bosnia_and_Herzegovina,US-MA-506,2026-05-31,0,0,0,0
Bosnia_and_Herzegovina,US-MA-506,2026-06-07,0,0,0,0
Bosnia_and_Herzegovina,US-MA-506,2026-06-14,0,0,110,18
Bosnia_and_Herzegovina,US-MA-506,2026-06-21,11,0,27,0
Bosnia_and_Herzegovina,US-MA-506,2026-06-28,0,0,37,0
Bosnia_and_Herzegovina,US-MA-506,2026-07-05,0,11,164,50
Bosnia_and_Herzegovina,US-MA-506,2026-07-12,0,0,0,0
Bosnia_and_Herzegovina,US-MA-506,2026-07-19,0,0,0,0
Bosnia_and_Herzegovina,US-MA-506,2026-07-26,0,0,0,0
Bosnia_and_Herzegovina,US-MA-506,2026-08-02,0,0,0,0
Bosnia_and_Herzegovina,US-MA-506,2026-08-09,0,0,0,0
Bosnia_and_Herzegovina,US-MA-506,2026-08-16,0,0,0,0
Bosnia_and_Herzegovina,US-MA-506,2026-08-23,0,0,0,0
Bosnia_and_Herzegovina,US-MO-616,2026-05-17,0,0,0,0
Bosnia_and_Herzegovina,US-MO-616,2026-05-24,0,0,0,0
Bosnia_and_Herzegovina,US-MO-616,2026-05-31,0,0,0,0
Bosnia_and_Herzegovina,US-MO-616,2026-06-07,0,0,0,0
Bosnia_and_Herzegovina,US-MO-616,2026-06-14,0,0,82,43
Bosnia_and_Herzegovina,US-MO-616,2026-06-21,0,0,41,0
Bosnia_and_Herzegovina,US-MO-616,2026-06-28,0,0,0,0
Bosnia_and_Herzegovina,US-MO-616,2026-07-05,0,0,100,50
Bosnia_and_Herzegovina,US-MO-616,2026-07-12,0,0,0,0
Bosnia_and_Herzegovina,US-MO-616,2026-07-19,0,0,0,0
Bosnia_and_Herzegovina,US-MO-616,2026-07-26,0,0,0,0
Bosnia_and_Herzegovina,US-MO-616,2026-08-02,0,0,0,0
Bosnia_and_Herzegovina,US-MO-616,2026-08-09,0,0,0,0
Bosnia_and_Herzegovina,US-MO-616,2026-08-16,0,0,0,0
Bosnia_and_Herzegovina,US-MO-616,2026-08-23,0,0,0,0
Bosnia_and_Herzegovina,US-NY-501,2026-05-17,0,0,0,0
Bosnia_and_Herzegovina,US-NY-501,2026-05-24,0,0,0,0
Bosnia_and_Herzegovina,US-NY-501,2026-05-31,0,0,0,0
Bosnia_and_Herzegovina,US-NY-501,2026-06-07,0,0,0,0
Bosnia_and_Herzegovina,US-NY-501,2026-06-14,4,0,130,28
Bosnia_and_Herzegovina,US-NY-501,2026-06-21,0,0,63,7
Bosnia_and_Herzegovina,US-NY-501,2026-06-28,0,0,66,0
Bosnia_and_Herzegovina,US-NY-501,2026-07-05,0,0,175,50
Bosnia_and_Herzegovina,US-NY-501,2026-07-12,0,0,4,0
Bosnia_and_Herzegovina,US-NY-501,2026-07-19,0,4,0,0
Bosnia_and_Herzegovina,US-NY-501,2026-07-26,0,0,0,0
Bosnia_and_Herzegovina,US-NY-501,2026-08-02,0,0,0,0
Bosnia_and_Herzegovina,US-NY-501,2026-08-09,5,0,0,0
Bosnia_and_Herzegovina,US-NY-501,2026-08-16,0,0,0,0
Bosnia_and_Herzegovina,US-NY-501,2026-08-23,0,0,0,0
Bosnia_and_Herzegovina,US-PA-504,2026-05-17,0,0,0,0
Bosnia_and_Herzegovina,US-PA-504,2026-05-24,0,0,0,0
Bosnia_and_Herzegovina,US-PA-504,2026-05-31,0,0,0,0
Bosnia_and_Herzegovina,US-PA-504,2026-06-07,0,0,0,0
Bosnia_and_Herzegovina,US-PA-504,2026-06-14,0,0,94,36
Bosnia_and_Herzegovina,US-PA-504,2026-06-21,0,0,29,0
Bosnia_and_Herzegovina,US-PA-504,2026-06-28,0,0,67,0
Bosnia_and_Herzegovina,US-PA-504,2026-07-05,23,0,160,63
Bosnia_and_Herzegovina,US-PA-504,2026-07-12,0,0,0,0
Bosnia_and_Herzegovina,US-PA-504,2026-07-19,0,0,0,0
Bosnia_and_Herzegovina,US-PA-504,2026-07-26,0,0,0,0
Bosnia_and_Herzegovina,US-PA-504,2026-08-02,0,0,0,0
Bosnia_and_Herzegovina,US-PA-504,2026-08-09,0,0,0,0
Bosnia_and_Herzegovina,US-PA-504,2026-08-16,0,0,0,0
Bosnia_and_Herzegovina,US-PA-504,2026-08-23,0,0,0,0
Bosnia_and_Herzegovina,US-TX-618,2026-05-17,0,0,0,0
Bosnia_and_Herzegovina,US-TX-618,2026-05-24,0,0,0,0
Bosnia_and_Herzegovina,US-TX-618,2026-05-31,0,0,0,0
Bosnia_and_Herzegovina,US-TX-618,2026-06-07,0,0,0,0
Bosnia_and_Herzegovina,US-TX-618,2026-06-14,0,0,102,31
Bosnia_and_Herzegovina,US-TX-618,2026-06-21,0,0,35,0
Bosnia_and_Herzegovina,US-TX-618,2026-06-28,0,0,55,0
Bosnia_and_Herzegovina,US-TX-618,2026-07-05,0,0,199,31
Bosnia_and_Herzegovina,US-TX-618,2026-07-12,0,0,0,11
Bosnia_and_Herzegovina,US-TX-618,2026-07-19,0,0,0,0
Bosnia_and_Herzegovina,US-TX-618,2026-07-26,0,0,0,0
Bosnia_and_Herzegovina,US-TX-618,2026-08-02,0,0,0,0
Bosnia_and_Herzegovina,US-TX-618,2026-08-09,0,0,0,0
Bosnia_and_Herzegovina,US-TX-618,2026-08-16,0,0,0,0
Bosnia_and_Herzegovina,US-TX-618,2026-08-23,0,0,0,0
Bosnia_and_Herzegovina,US-TX-623,2026-05-17,0,0,0,0
Bosnia_and_Herzegovina,US-TX-623,2026-05-24,0,0,0,0
Bosnia_and_Herzegovina,US-TX-623,2026-05-31,0,0,0,0
Bosnia_and_Herzegovina,US-TX-623,2026-06-07,0,0,0,0
Bosnia_and_Herzegovina,US-TX-623,2026-06-14,0,0,93,25
Bosnia_and_Herzegovina,US-TX-623,2026-06-21,0,0,51,0
Bosnia_and_Herzegovina,US-TX-623,2026-06-28,0,0,51,0
Bosnia_and_Herzegovina,US-TX-623,2026-07-05,0,0,186,59
Bosnia_and_Herzegovina,US-TX-623,2026-07-12,0,0,0,0
Bosnia_and_Herzegovina,US-TX-623,2026-07-19,0,0,0,0
Bosnia_and_Herzegovina,US-TX-623,2026-07-26,0,0,0,0
Bosnia_and_Herzegovina,US-TX-623,2026-08-02,0,0,0,0
Bosnia_and_Herzegovina,US-TX-623,2026-08-09,0,0,0,0
Bosnia_and_Herzegovina,US-TX-623,2026-08-16,0,0,0,0
Bosnia_and_Herzegovina,US-TX-623,2026-08-23,0,0,0,0
Bosnia_and_Herzegovina,US-WA-819,2026-05-17,0,0,0,0
Bosnia_and_Herzegovina,US-WA-819,2026-05-24,0,0,0,0
Bosnia_and_Herzegovina,US-WA-819,2026-05-31,0,0,0,0
Bosnia_and_Herzegovina,US-WA-819,2026-06-07,0,0,0,0
Bosnia_and_Herzegovina,US-WA-819,2026-06-14,0,0,87,26
Bosnia_and_Herzegovina,US-WA-819,2026-06-21,0,0,22,0
Bosnia_and_Herzegovina,US-WA-819,2026-06-28,0,0,91,0
Bosnia_and_Herzegovina,US-WA-819,2026-07-05,0,0,182,42
Bosnia_and_Herzegovina,US-WA-819,2026-07-12,0,0,0,0
Bosnia_and_Herzegovina,US-WA-819,2026-07-19,0,0,0,0
Bosnia_and_Herzegovina,US-WA-819,2026-07-26,0,0,0,0
Bosnia_and_Herzegovina,US-WA-819,2026-08-02,0,0,0,0
Bosnia_and_Herzegovina,US-WA-819,2026-08-09,0,0,0,0
Bosnia_and_Herzegovina,US-WA-819,2026-08-16,0,0,0,0
Bosnia_and_Herzegovina,US-WA-819,2026-08-23,0,0,0,0
Paraguay,US-CA-803,2026-05-17,0,0,0,0
Paraguay,US-CA-803,2026-05-24,0,0,1,0
Paraguay,US-CA-803,2026-05-31,0,0,5,0
Paraguay,US-CA-803,2026-06-07,0,0,12,0
Paraguay,US-CA-803,2026-06-14,5,1,209,59
Paraguay,US-CA-803,2026-06-21,0,0,70,14
Paraguay,US-CA-803,2026-06-28,2,0,70,4
Paraguay,US-CA-803,2026-07-05,15,1,277,27
Paraguay,US-CA-803,2026-07-12,0,0,22,2
Paraguay,US-CA-803,2026-07-19,0,0,4,0
Paraguay,US-CA-803,2026-07-26,0,0,2,0
Paraguay,US-CA-803,2026-08-02,0,0,0,0
Paraguay,US-CA-803,2026-08-09,0,0,0,0
Paraguay,US-CA-803,2026-08-16,0,0,0,0
Paraguay,US-CA-803,2026-08-23,0,0,0,0
Paraguay,US-CA-807,2026-05-17,0,0,0,0
Paraguay,US-CA-807,2026-05-24,0,0,0,0
Paraguay,US-CA-807,2026-05-31,0,0,0,0
Paraguay,US-CA-807,2026-06-07,0,0,10,0
Paraguay,US-CA-807,2026-06-14,5,0,147,30
Paraguay,US-CA-807,2026-06-21,0,0,97,12
Paraguay,US-CA-807,2026-06-28,2,0,86,6
Paraguay,US-CA-807,2026-07-05,16,2,270,23
Paraguay,US-CA-807,2026-07-12,0,0,28,0
Paraguay,US-CA-807,2026-07-19,0,0,0,0
Paraguay,US-CA-807,2026-07-26,0,0,0,0
Paraguay,US-CA-807,2026-08-02,0,0,0,0
Paraguay,US-CA-807,2026-08-09,0,0,0,0
Paraguay,US-CA-807,2026-08-16,0,0,0,0
Paraguay,US-CA-807,2026-08-23,0,0,0,0
Paraguay,US-FL-528,2026-05-17,0,0,0,0
Paraguay,US-FL-528,2026-05-24,0,4,0,0
Paraguay,US-FL-528,2026-05-31,0,0,0,0
Paraguay,US-FL-528,2026-06-07,0,0,0,0
Paraguay,US-FL-528,2026-06-14,0,0,188,52
Paraguay,US-FL-528,2026-06-21,0,0,67,9
Paraguay,US-FL-528,2026-06-28,0,0,71,4
Paraguay,US-FL-528,2026-07-05,6,0,265,24
Paraguay,US-FL-528,2026-07-12,0,0,16,0
Paraguay,US-FL-528,2026-07-19,0,0,0,0
Paraguay,US-FL-528,2026-07-26,0,0,0,0
Paraguay,US-FL-528,2026-08-02,0,0,0,0
Paraguay,US-FL-528,2026-08-09,0,0,0,0
Paraguay,US-FL-528,2026-08-16,0,0,0,0
Paraguay,US-FL-528,2026-08-23,0,0,0,0
Paraguay,US-GA-524,2026-05-17,0,0,0,0
Paraguay,US-GA-524,2026-05-24,0,0,4,0
Paraguay,US-GA-524,2026-05-31,0,0,3,0
Paraguay,US-GA-524,2026-06-07,0,0,5,0
Paraguay,US-GA-524,2026-06-14,0,0,185,55
Paraguay,US-GA-524,2026-06-21,0,0,80,8
Paraguay,US-GA-524,2026-06-28,0,0,57,4
Paraguay,US-GA-524,2026-07-05,9,0,257,32
Paraguay,US-GA-524,2026-07-12,0,0,21,0
Paraguay,US-GA-524,2026-07-19,0,0,0,0
Paraguay,US-GA-524,2026-07-26,0,0,0,0
Paraguay,US-GA-524,2026-08-02,5,4,0,0
Paraguay,US-GA-524,2026-08-09,0,0,0,0
Paraguay,US-GA-524,2026-08-16,0,0,0,0
Paraguay,US-GA-524,2026-08-23,0,0,0,0
Paraguay,US-MA-506,2026-05-17,0,0,0,0
Paraguay,US-MA-506,2026-05-24,0,0,0,0
Paraguay,US-MA-506,2026-05-31,0,0,0,0
Paraguay,US-MA-506,2026-06-07,0,0,0,0
Paraguay,US-MA-506,2026-06-14,7,0,176,60
Paraguay,US-MA-506,2026-06-21,0,0,63,4
Paraguay,US-MA-506,2026-06-28,0,0,56,3
Paraguay,US-MA-506,2026-07-05,11,0,261,36
Paraguay,US-MA-506,2026-07-12,0,0,18,0
Paraguay,US-MA-506,2026-07-19,0,0,3,0
Paraguay,US-MA-506,2026-07-26,0,0,0,0
Paraguay,US-MA-506,2026-08-02,0,0,0,0
Paraguay,US-MA-506,2026-08-09,0,0,0,0
Paraguay,US-MA-506,2026-08-16,0,0,0,0
Paraguay,US-MA-506,2026-08-23,0,0,0,0
Paraguay,US-MO-616,2026-05-17,0,0,0,0
Paraguay,US-MO-616,2026-05-24,0,0,0,0
Paraguay,US-MO-616,2026-05-31,0,0,0,0
Paraguay,US-MO-616,2026-06-07,0,0,0,0
Paraguay,US-MO-616,2026-06-14,0,0,197,60
Paraguay,US-MO-616,2026-06-21,0,11,52,12
Paraguay,US-MO-616,2026-06-28,0,0,45,0
Paraguay,US-MO-616,2026-07-05,0,0,210,26
Paraguay,US-MO-616,2026-07-12,0,0,12,0
Paraguay,US-MO-616,2026-07-19,0,0,0,0
Paraguay,US-MO-616,2026-07-26,0,0,0,0
Paraguay,US-MO-616,2026-08-02,0,0,0,0
Paraguay,US-MO-616,2026-08-09,0,0,0,0
Paraguay,US-MO-616,2026-08-16,0,0,0,0
Paraguay,US-MO-616,2026-08-23,0,0,0,0
Paraguay,US-NY-501,2026-05-17,0,0,0,0
Paraguay,US-NY-501,2026-05-24,0,0,0,0
Paraguay,US-NY-501,2026-05-31,0,0,4,1
Paraguay,US-NY-501,2026-06-07,1,0,12,2
Paraguay,US-NY-501,2026-06-14,9,0,164,52
Paraguay,US-NY-501,2026-06-21,1,0,76,10
Paraguay,US-NY-501,2026-06-28,4,0,71,3
Paraguay,US-NY-501,2026-07-05,10,0,284,30
Paraguay,US-NY-501,2026-07-12,0,0,26,2
Paraguay,US-NY-501,2026-07-19,0,0,5,0
Paraguay,US-NY-501,2026-07-26,0,0,0,0
Paraguay,US-NY-501,2026-08-02,0,0,0,0
Paraguay,US-NY-501,2026-08-09,0,0,0,0
Paraguay,US-NY-501,2026-08-16,0,0,0,0
Paraguay,US-NY-501,2026-08-23,0,0,0,0
Paraguay,US-PA-504,2026-05-17,0,0,0,0
Paraguay,US-PA-504,2026-05-24,0,0,0,0
Paraguay,US-PA-504,2026-05-31,0,0,4,0
Paraguay,US-PA-504,2026-06-07,0,0,4,0
Paraguay,US-PA-504,2026-06-14,0,0,163,57
Paraguay,US-PA-504,2026-06-21,4,0,74,5
Paraguay,US-PA-504,2026-06-28,0,0,55,0
Paraguay,US-PA-504,2026-07-05,4,0,276,36
Paraguay,US-PA-504,2026-07-12,0,0,16,0
Paraguay,US-PA-504,2026-07-19,0,0,0,0
Paraguay,US-PA-504,2026-07-26,0,0,0,0
Paraguay,US-PA-504,2026-08-02,0,0,0,0
Paraguay,US-PA-504,2026-08-09,0,4,0,0
Paraguay,US-PA-504,2026-08-16,0,0,0,0
Paraguay,US-PA-504,2026-08-23,0,0,0,0
Paraguay,US-TX-618,2026-05-17,0,0,0,0
Paraguay,US-TX-618,2026-05-24,0,0,0,0
Paraguay,US-TX-618,2026-05-31,0,0,0,0
Paraguay,US-TX-618,2026-06-07,0,0,0,0
Paraguay,US-TX-618,2026-06-14,4,0,164,53
Paraguay,US-TX-618,2026-06-21,0,0,79,6
Paraguay,US-TX-618,2026-06-28,0,0,44,0
Paraguay,US-TX-618,2026-07-05,5,3,262,27
Paraguay,US-TX-618,2026-07-12,0,0,14,0
Paraguay,US-TX-618,2026-07-19,0,0,4,0
Paraguay,US-TX-618,2026-07-26,0,0,0,0
Paraguay,US-TX-618,2026-08-02,0,0,0,0
Paraguay,US-TX-618,2026-08-09,0,0,0,0
Paraguay,US-TX-618,2026-08-16,0,0,0,0
Paraguay,US-TX-618,2026-08-23,0,0,0,0
Paraguay,US-TX-623,2026-05-17,0,3,0,3
Paraguay,US-TX-623,2026-05-24,0,0,0,0
Paraguay,US-TX-623,2026-05-31,0,0,0,0
Paraguay,US-TX-623,2026-06-07,0,0,3,0
Paraguay,US-TX-623,2026-06-14,5,0,195,58
Paraguay,US-TX-623,2026-06-21,2,0,75,9
Paraguay,US-TX-623,2026-06-28,0,0,53,4
Paraguay,US-TX-623,2026-07-05,12,0,258,22
Paraguay,US-TX-623,2026-07-12,0,0,13,0
Paraguay,US-TX-623,2026-07-19,0,0,3,0
Paraguay,US-TX-623,2026-07-26,0,0,0,0
Paraguay,US-TX-623,2026-08-02,0,0,0,0
Paraguay,US-TX-623,2026-08-09,0,0,0,0
Paraguay,US-TX-623,2026-08-16,0,0,0,0
Paraguay,US-TX-623,2026-08-23,0,0,0,0
Paraguay,US-WA-819,2026-05-17,0,0,0,0
Paraguay,US-WA-819,2026-05-24,4,3,0,0
Paraguay,US-WA-819,2026-05-31,0,0,0,0
Paraguay,US-WA-819,2026-06-07,0,0,0,0
Paraguay,US-WA-819,2026-06-14,7,0,154,35
Paraguay,US-WA-819,2026-06-21,0,0,65,7
Paraguay,US-WA-819,2026-06-28,0,0,64,3
Paraguay,US-WA-819,2026-07-05,14,0,274,20
Paraguay,US-WA-819,2026-07-12,0,0,19,3
Paraguay,US-WA-819,2026-07-19,0,0,0,0
Paraguay,US-WA-819,2026-07-26,0,0,0,0
Paraguay,US-WA-819,2026-08-02,0,0,0,0
Paraguay,US-WA-819,2026-08-09,0,0,0,0
Paraguay,US-WA-819,2026-08-16,0,0,0,0
Paraguay,US-WA-819,2026-08-23,0,0,0,0
Turkey,US-CA-803,2026-05-17,0,0,0,0
Turkey,US-CA-803,2026-05-24,2,0,0,0
Turkey,US-CA-803,2026-05-31,1,0,3,0
Turkey,US-CA-803,2026-06-07,1,1,11,0
Turkey,US-CA-803,2026-06-14,6,0,83,11
Turkey,US-CA-803,2026-06-21,1,0,92,13
Turkey,US-CA-803,2026-06-28,5,0,157,31
Turkey,US-CA-803,2026-07-05,2,0,32,0
Turkey,US-CA-803,2026-07-12,1,0,16,0
Turkey,US-CA-803,2026-07-19,0,0,15,0
Turkey,US-CA-803,2026-07-26,0,0,1,0
Turkey,US-CA-803,2026-08-02,1,0,0,0
Turkey,US-CA-803,2026-08-09,0,1,0,0
Turkey,US-CA-803,2026-08-16,0,0,0,0
Turkey,US-CA-803,2026-08-23,0,0,0,0
Turkey,US-CA-807,2026-05-17,0,0,0,0
Turkey,US-CA-807,2026-05-24,0,0,0,0
Turkey,US-CA-807,2026-05-31,0,0,6,0
Turkey,US-CA-807,2026-06-07,0,0,19,0
Turkey,US-CA-807,2026-06-14,2,0,104,10
Turkey,US-CA-807,2026-06-21,0,0,133,15
Turkey,US-CA-807,2026-06-28,5,0,159,22
Turkey,US-CA-807,2026-07-05,0,0,36,0
Turkey,US-CA-807,2026-07-12,2,0,26,0
Turkey,US-CA-807,2026-07-19,0,0,18,0
Turkey,US-CA-807,2026-07-26,0,0,0,0
Turkey,US-CA-807,2026-08-02,0,0,4,0
Turkey,US-CA-807,2026-08-09,0,0,0,0
Turkey,US-CA-807,2026-08-16,0,0,0,0
Turkey,US-CA-807,2026-08-23,0,0,0,0
Turkey,US-GA-524,2026-05-17,0,0,0,0
Turkey,US-GA-524,2026-05-24,0,6,0,0
Turkey,US-GA-524,2026-05-31,0,0,0,0
Turkey,US-GA-524,2026-06-07,0,0,0,0
Turkey,US-GA-524,2026-06-14,0,0,96,5
Turkey,US-GA-524,2026-06-21,0,0,104,9
Turkey,US-GA-524,2026-06-28,0,0,175,38
Turkey,US-GA-524,2026-07-05,6,0,26,0
Turkey,US-GA-524,2026-07-12,0,0,0,0
Turkey,US-GA-524,2026-07-19,0,0,0,0
Turkey,US-GA-524,2026-07-26,0,0,0,0
Turkey,US-GA-524,2026-08-02,0,0,0,0
Turkey,US-GA-524,2026-08-09,0,0,0,0
Turkey,US-GA-524,2026-08-16,0,0,0,0
Turkey,US-GA-524,2026-08-23,0,0,0,0
Turkey,US-MA-506,2026-05-17,0,0,0,0
Turkey,US-MA-506,2026-05-24,0,0,0,0
Turkey,US-MA-506,2026-05-31,0,0,0,0
Turkey,US-MA-506,2026-06-07,0,0,0,0
Turkey,US-MA-506,2026-06-14,0,0,92,0
Turkey,US-MA-506,2026-06-21,0,0,119,14
Turkey,US-MA-506,2026-06-28,0,0,161,27
Turkey,US-MA-506,2026-07-05,0,0,19,5
Turkey,US-MA-506,2026-07-12,0,0,9,0
Turkey,US-MA-506,2026-07-19,0,0,0,0
Turkey,US-MA-506,2026-07-26,0,0,0,0
Turkey,US-MA-506,2026-08-02,0,0,0,0
Turkey,US-MA-506,2026-08-09,0,0,0,0
Turkey,US-MA-506,2026-08-16,0,0,1,0
Turkey,US-MA-506,2026-08-23,0,0,2,0
Turkey,US-MO-616,2026-05-17,0,0,0,0
Turkey,US-MO-616,2026-05-24,0,0,0,0
Turkey,US-MO-616,2026-05-31,0,0,0,0
Turkey,US-MO-616,2026-06-07,0,0,0,0
Turkey,US-MO-616,2026-06-14,0,0,63,0
Turkey,US-MO-616,2026-06-21,0,0,88,15
Turkey,US-MO-616,2026-06-28,0,0,132,32
Turkey,US-MO-616,2026-07-05,0,0,0,0
Turkey,US-MO-616,2026-07-12,0,0,0,0
Turkey,US-MO-616,2026-07-19,0,0,0,0
Turkey,US-MO-616,2026-07-26,0,0,0,0
Turkey,US-MO-616,2026-08-02,0,0,0,0
Turkey,US-MO-616,2026-08-09,0,0,0,0
Turkey,US-MO-616,2026-08-16,0,0,0,0
Turkey,US-MO-616,2026-08-23,0,0,0,0
Turkey,US-NY-501,2026-05-17,2,0,0,0
Turkey,US-NY-501,2026-05-24,1,0,2,0
Turkey,US-NY-501,2026-05-31,0,0,4,0
Turkey,US-NY-501,2026-06-07,5,0,16,2
Turkey,US-NY-501,2026-06-14,8,0,112,15
Turkey,US-NY-501,2026-06-21,7,0,136,20
Turkey,US-NY-501,2026-06-28,10,0,175,37
Turkey,US-NY-501,2026-07-05,2,0,34,1
Turkey,US-NY-501,2026-07-12,2,0,22,0
Turkey,US-NY-501,2026-07-19,2,0,12,0
Turkey,US-NY-501,2026-07-26,0,0,0,0
Turkey,US-NY-501,2026-08-02,0,0,0,0
Turkey,US-NY-501,2026-08-09,0,0,0,2
Turkey,US-NY-501,2026-08-16,0,0,0,0
Turkey,US-NY-501,2026-08-23,0,0,0,0
Turkey,US-PA-504,2026-05-17,0,0,0,0
Turkey,US-PA-504,2026-05-24,0,0,0,0
Turkey,US-PA-504,2026-05-31,0,0,0,0
Turkey,US-PA-504,2026-06-07,0,6,5,0
Turkey,US-PA-504,2026-06-14,11,0,100,0
Turkey,US-PA-504,2026-06-21,0,0,134,17
Turkey,US-PA-504,2026-06-28,0,0,175,40
Turkey,US-PA-504,2026-07-05,0,0,14,0
Turkey,US-PA-504,2026-07-12,0,0,5,0
Turkey,US-PA-504,2026-07-19,5,0,0,0
Turkey,US-PA-504,2026-07-26,0,0,0,0
Turkey,US-PA-504,2026-08-02,0,0,0,0
Turkey,US-PA-504,2026-08-09,0,0,0,0
Turkey,US-PA-504,2026-08-16,0,0,0,0
Turkey,US-PA-504,2026-08-23,0,0,2,0
Turkey,US-TX-618,2026-05-17,0,0,0,0
Turkey,US-TX-618,2026-05-24,0,0,0,0
Turkey,US-TX-618,2026-05-31,0,0,0,0
Turkey,US-TX-618,2026-06-07,3,0,0,0
Turkey,US-TX-618,2026-06-14,0,0,84,10
Turkey,US-TX-618,2026-06-21,0,0,101,12
Turkey,US-TX-618,2026-06-28,0,0,163,28
Turkey,US-TX-618,2026-07-05,0,0,31,0
Turkey,US-TX-618,2026-07-12,0,0,9,0
Turkey,US-TX-618,2026-07-19,0,0,0,0
Turkey,US-TX-618,2026-07-26,0,0,0,0
Turkey,US-TX-618,2026-08-02,0,0,0,0
Turkey,US-TX-618,2026-08-09,0,0,0,0
Turkey,US-TX-618,2026-08-16,0,0,0,0
Turkey,US-TX-618,2026-08-23,0,0,0,0
Turkey,US-TX-623,2026-05-17,0,0,0,0
Turkey,US-TX-623,2026-05-24,7,0,0,0
Turkey,US-TX-623,2026-05-31,0,4,0,0
Turkey,US-TX-623,2026-06-07,0,0,4,0
Turkey,US-TX-623,2026-06-14,0,0,81,7
Turkey,US-TX-623,2026-06-21,0,0,106,17
Turkey,US-TX-623,2026-06-28,4,0,163,32
Turkey,US-TX-623,2026-07-05,0,0,36,0
Turkey,US-TX-623,2026-07-12,0,0,13,0
Turkey,US-TX-623,2026-07-19,0,0,0,0
Turkey,US-TX-623,2026-07-26,0,0,0,0
Turkey,US-TX-623,2026-08-02,0,0,0,0
Turkey,US-TX-623,2026-08-09,0,0,0,0
Turkey,US-TX-623,2026-08-16,0,0,0,0
Turkey,US-TX-623,2026-08-23,0,0,0,0
Turkey,US-WA-819,2026-05-17,0,0,0,0
Turkey,US-WA-819,2026-05-24,0,0,0,0
Turkey,US-WA-819,2026-05-31,0,0,0,0
Turkey,US-WA-819,2026-06-07,0,0,0,0
Turkey,US-WA-819,2026-06-14,3,0,82,10
Turkey,US-WA-819,2026-06-21,0,0,97,15
Turkey,US-WA-819,2026-06-28,8,0,157,28
Turkey,US-WA-819,2026-07-05,0,0,34,0
Turkey,US-WA-819,2026-07-12,0,0,11,0
Turkey,US-WA-819,2026-07-19,0,0,16,0
Turkey,US-WA-819,2026-07-26,0,0,0,0
Turkey,US-WA-819,2026-08-02,0,0,0,0
Turkey,US-WA-819,2026-08-09,0,0,0,0
Turkey,US-WA-819,2026-08-16,0,0,0,0
Turkey,US-WA-819,2026-08-23,0,0,0,0
